Rk,Player,Age,Team,Pos,G,GS,MP,FG,FGA,FG%,3P,3PA,3P%,2P,2PA,2P%,eFG%,FT,FTA,FT%,ORB,DRB,TRB,AST,STL,BLK,TOV,PF,PTS,Trp-Dbl,Awards
1.0,Dwyane Wade,27.0,MIA,SG,79.0,79.0,3048.0,854.0,1739.0,0.491,88.0,278.0,0.317,766.0,1461.0,0.524,0.516,590.0,771.0,0.765,89.0,309.0,398.0,589.0,173.0,106.0,272.0,178.0,2386.0,0.0,"MVP-3,DPOY-3,AS,NBA1"
2.0,LeBron James,24.0,CLE,SF,81.0,81.0,3054.0,789.0,1613.0,0.489,132.0,384.0,0.344,657.0,1229.0,0.535,0.53,594.0,762.0,0.78,106.0,507.0,613.0,587.0,137.0,93.0,241.0,139.0,2304.0,7.0,"MVP-1,DPOY-2,AS,NBA1"
3.0,Kobe Bryant,30.0,LAL,SG,82.0,82.0,2960.0,800.0,1712.0,0.467,118.0,336.0,0.351,682.0,1376.0,0.496,0.502,483.0,564.0,0.856,90.0,339.0,429.0,399.0,120.0,37.0,210.0,189.0,2201.0,2.0,"MVP-2,DPOY-7,AS,NBA1"
4.0,Dirk Nowitzki,30.0,DAL,PF,81.0,81.0,3050.0,774.0,1616.0,0.479,61.0,170.0,0.359,713.0,1446.0,0.493,0.498,485.0,545.0,0.89,88.0,593.0,681.0,197.0,61.0,63.0,157.0,176.0,2094.0,0.0,"MVP-10,AS,NBA1"
5.0,Kevin Durant,20.0,OKC,SF,74.0,74.0,2885.0,661.0,1390.0,0.476,97.0,230.0,0.422,564.0,1160.0,0.486,0.51,452.0,524.0,0.863,77.0,405.0,482.0,205.0,96.0,53.0,225.0,134.0,1871.0,0.0,
6.0,Antawn Jamison,32.0,WAS,PF,81.0,81.0,3096.0,674.0,1441.0,0.468,112.0,319.0,0.351,562.0,1122.0,0.501,0.507,341.0,452.0,0.754,196.0,525.0,721.0,153.0,95.0,25.0,125.0,218.0,1801.0,0.0,
7.0,Chris Paul,23.0,NOH,PG,78.0,78.0,3002.0,631.0,1255.0,0.503,64.0,176.0,0.364,567.0,1079.0,0.525,0.528,455.0,524.0,0.868,69.0,363.0,432.0,861.0,216.0,10.0,231.0,212.0,1781.0,6.0,"MVP-5,DPOY-6,AS,NBA2"
8.0,Brandon Roy,24.0,POR,SG,78.0,78.0,2903.0,633.0,1318.0,0.48,83.0,220.0,0.377,550.0,1098.0,0.501,0.512,416.0,505.0,0.824,104.0,266.0,370.0,400.0,88.0,22.0,152.0,127.0,1765.0,0.0,"MVP-9,AS,NBA2"
9.0,Chris Bosh,24.0,TOR,C,77.0,77.0,2928.0,615.0,1263.0,0.487,12.0,49.0,0.245,603.0,1214.0,0.497,0.492,504.0,617.0,0.817,215.0,556.0,771.0,191.0,67.0,77.0,174.0,189.0,1746.0,0.0,AS
10.0,Danny Granger,25.0,IND,SF,67.0,66.0,2424.0,571.0,1277.0,0.447,182.0,450.0,0.404,389.0,827.0,0.47,0.518,404.0,460.0,0.878,49.0,292.0,341.0,183.0,69.0,97.0,165.0,207.0,1728.0,0.0,"MIP-1,AS"
11.0,Ben Gordon,25.0,CHI,SG,82.0,76.0,2999.0,598.0,1315.0,0.455,173.0,422.0,0.41,425.0,893.0,0.476,0.521,330.0,382.0,0.864,52.0,231.0,283.0,279.0,71.0,22.0,200.0,184.0,1699.0,0.0,
12.0,Joe Johnson,27.0,ATL,SG,79.0,79.0,3124.0,620.0,1420.0,0.437,149.0,414.0,0.36,471.0,1006.0,0.468,0.489,299.0,362.0,0.826,65.0,281.0,346.0,455.0,84.0,19.0,195.0,176.0,1688.0,1.0,AS
13.0,Vince Carter,32.0,NJN,SG,80.0,80.0,2946.0,588.0,1345.0,0.437,151.0,392.0,0.385,437.0,953.0,0.459,0.493,335.0,410.0,0.817,74.0,336.0,410.0,376.0,82.0,38.0,166.0,234.0,1662.0,1.0,
14.0,Paul Pierce,31.0,BOS,SF,81.0,81.0,3035.0,540.0,1181.0,0.457,119.0,304.0,0.391,421.0,877.0,0.48,0.508,459.0,553.0,0.83,56.0,401.0,457.0,294.0,80.0,27.0,228.0,215.0,1658.0,0.0,"MVP-7,AS,NBA2"
15.0,Dwight Howard,23.0,ORL,C,79.0,79.0,2821.0,560.0,979.0,0.572,0.0,2.0,0.0,560.0,977.0,0.573,0.572,504.0,849.0,0.594,336.0,757.0,1093.0,112.0,77.0,231.0,240.0,270.0,1624.0,1.0,"MVP-4,DPOY-1,AS,NBA1"
16.0,Richard Jefferson,28.0,MIL,SF,82.0,82.0,2939.0,537.0,1222.0,0.439,116.0,292.0,0.397,421.0,930.0,0.453,0.487,417.0,518.0,0.805,57.0,317.0,374.0,199.0,66.0,14.0,165.0,252.0,1607.0,0.0,
17.0,David West,28.0,NOH,PF,76.0,76.0,2982.0,610.0,1292.0,0.472,6.0,25.0,0.24,604.0,1267.0,0.477,0.474,367.0,415.0,0.884,160.0,486.0,646.0,173.0,49.0,68.0,163.0,207.0,1593.0,0.0,AS
18.0,Tony Parker,26.0,SAS,PG,72.0,71.0,2456.0,639.0,1263.0,0.506,19.0,65.0,0.292,620.0,1198.0,0.518,0.513,284.0,363.0,0.782,27.0,196.0,223.0,496.0,67.0,4.0,186.0,110.0,1581.0,0.0,"MVP-8,AS,NBA3"
19.0,Andre Iguodala,25.0,PHI,SF,82.0,82.0,3269.0,542.0,1147.0,0.473,80.0,261.0,0.307,462.0,886.0,0.521,0.507,377.0,521.0,0.724,92.0,379.0,471.0,434.0,131.0,36.0,222.0,152.0,1541.0,0.0,DPOY-13
20.0,Pau Gasol,28.0,LAL,C,81.0,81.0,2999.0,592.0,1045.0,0.567,1.0,2.0,0.5,591.0,1043.0,0.567,0.567,343.0,439.0,0.781,262.0,518.0,780.0,284.0,52.0,81.0,157.0,172.0,1528.0,1.0,"AS,NBA3"
21.0,O.J. Mayo,21.0,MEM,SG,82.0,82.0,3120.0,562.0,1283.0,0.438,145.0,378.0,0.384,417.0,905.0,0.461,0.495,247.0,281.0,0.879,56.0,252.0,308.0,262.0,91.0,13.0,226.0,204.0,1516.0,0.0,ROY-2
22.0,Yao Ming,28.0,HOU,C,77.0,77.0,2589.0,566.0,1032.0,0.548,1.0,1.0,1.0,565.0,1031.0,0.548,0.549,381.0,440.0,0.866,204.0,557.0,761.0,137.0,30.0,150.0,234.0,257.0,1514.0,0.0,"MVP-12,AS,NBA2"
23.0,Carmelo Anthony,24.0,DEN,SF,66.0,66.0,2277.0,535.0,1207.0,0.443,63.0,170.0,0.371,472.0,1037.0,0.455,0.469,371.0,468.0,0.793,106.0,344.0,450.0,222.0,75.0,24.0,199.0,195.0,1504.0,0.0,NBA3
24.0,Rudy Gay,22.0,MEM,SF,79.0,78.0,2945.0,572.0,1262.0,0.453,85.0,242.0,0.351,487.0,1020.0,0.477,0.487,264.0,344.0,0.767,109.0,328.0,437.0,135.0,98.0,59.0,203.0,221.0,1493.0,0.0,
25.0,LaMarcus Aldridge,23.0,POR,PF,81.0,81.0,3004.0,601.0,1243.0,0.484,7.0,28.0,0.25,594.0,1215.0,0.489,0.486,261.0,334.0,0.781,234.0,371.0,605.0,157.0,77.0,77.0,121.0,207.0,1470.0,0.0,
26.0,Devin Harris,25.0,NJN,PG,69.0,69.0,2494.0,455.0,1039.0,0.438,64.0,220.0,0.291,391.0,819.0,0.477,0.469,496.0,605.0,0.82,30.0,201.0,231.0,476.0,114.0,13.0,212.0,164.0,1470.0,0.0,AS
27.0,Al Harrington,28.0,2TM,PF,73.0,56.0,2546.0,532.0,1212.0,0.439,171.0,470.0,0.364,361.0,742.0,0.487,0.509,234.0,295.0,0.793,99.0,356.0,455.0,102.0,88.0,22.0,161.0,227.0,1469.0,0.0,
27.0,Al Harrington,28.0,GSW,PF,5.0,5.0,166.0,23.0,70.0,0.329,11.0,28.0,0.393,12.0,42.0,0.286,0.407,5.0,10.0,0.5,10.0,18.0,28.0,10.0,7.0,0.0,7.0,14.0,62.0,0.0,
27.0,Al Harrington,28.0,NYK,PF,68.0,51.0,2380.0,509.0,1142.0,0.446,160.0,442.0,0.362,349.0,700.0,0.499,0.516,229.0,285.0,0.804,89.0,338.0,427.0,92.0,81.0,22.0,154.0,213.0,1407.0,0.0,
28.0,Tim Duncan,32.0,SAS,C,75.0,75.0,2524.0,558.0,1107.0,0.504,0.0,2.0,0.0,558.0,1105.0,0.505,0.504,334.0,483.0,0.692,201.0,599.0,800.0,264.0,38.0,126.0,165.0,173.0,1450.0,0.0,"MVP-11,DPOY-11,AS,NBA2"
29.0,Jason Terry,31.0,DAL,SG,74.0,11.0,2491.0,541.0,1168.0,0.463,167.0,456.0,0.366,374.0,712.0,0.525,0.535,198.0,225.0,0.88,39.0,138.0,177.0,251.0,97.0,20.0,119.0,141.0,1447.0,0.0,6MOY-1
30.0,John Salmons,29.0,2TM,SF,79.0,74.0,2959.0,516.0,1093.0,0.472,126.0,302.0,0.417,390.0,791.0,0.493,0.53,288.0,347.0,0.83,59.0,274.0,333.0,249.0,83.0,24.0,165.0,182.0,1446.0,0.0,
30.0,John Salmons,29.0,SAC,SF,53.0,53.0,1980.0,351.0,744.0,0.472,77.0,184.0,0.418,274.0,560.0,0.489,0.524,191.0,232.0,0.823,43.0,178.0,221.0,196.0,58.0,9.0,122.0,122.0,970.0,0.0,
30.0,John Salmons,29.0,CHI,SF,26.0,21.0,979.0,165.0,349.0,0.473,49.0,118.0,0.415,116.0,231.0,0.502,0.543,97.0,115.0,0.843,16.0,96.0,112.0,53.0,25.0,15.0,43.0,60.0,476.0,0.0,
31.0,Mo Williams,26.0,CLE,PG,81.0,81.0,2834.0,526.0,1126.0,0.467,183.0,420.0,0.436,343.0,706.0,0.486,0.548,208.0,228.0,0.912,47.0,232.0,279.0,329.0,69.0,9.0,179.0,215.0,1443.0,0.0,AS
32.0,Ray Allen,33.0,BOS,SG,79.0,79.0,2876.0,499.0,1040.0,0.48,199.0,486.0,0.409,300.0,554.0,0.542,0.575,237.0,249.0,0.952,66.0,212.0,278.0,218.0,69.0,13.0,134.0,157.0,1434.0,0.0,AS
33.0,Rashard Lewis,29.0,ORL,PF,79.0,79.0,2859.0,478.0,1089.0,0.439,220.0,554.0,0.397,258.0,535.0,0.482,0.54,225.0,269.0,0.836,92.0,361.0,453.0,205.0,81.0,51.0,158.0,194.0,1401.0,0.0,AS
34.0,Chauncey Billups,32.0,2TM,PG,79.0,79.0,2789.0,410.0,980.0,0.418,162.0,397.0,0.408,248.0,583.0,0.425,0.501,418.0,458.0,0.913,32.0,207.0,239.0,506.0,93.0,18.0,177.0,161.0,1400.0,0.0,"MVP-6,AS,NBA3"
34.0,Chauncey Billups,32.0,DET,PG,2.0,2.0,70.0,7.0,21.0,0.333,2.0,7.0,0.286,5.0,14.0,0.357,0.381,9.0,10.0,0.9,1.0,9.0,10.0,15.0,3.0,1.0,4.0,3.0,25.0,0.0,
34.0,Chauncey Billups,32.0,DEN,PG,77.0,77.0,2719.0,403.0,959.0,0.42,160.0,390.0,0.41,243.0,569.0,0.427,0.504,409.0,448.0,0.913,31.0,198.0,229.0,491.0,90.0,17.0,173.0,158.0,1375.0,0.0,
35.0,Caron Butler,28.0,WAS,SG,67.0,67.0,2585.0,491.0,1085.0,0.453,65.0,210.0,0.31,426.0,875.0,0.487,0.482,345.0,402.0,0.858,118.0,296.0,414.0,290.0,106.0,20.0,210.0,165.0,1392.0,0.0,
36.0,Derrick Rose,20.0,CHI,PG,81.0,80.0,3000.0,574.0,1208.0,0.475,16.0,72.0,0.222,558.0,1136.0,0.491,0.482,197.0,250.0,0.788,96.0,221.0,317.0,512.0,66.0,18.0,202.0,125.0,1361.0,0.0,ROY-1
37.0,Andre Miller,32.0,PHI,PG,82.0,82.0,2976.0,492.0,1041.0,0.473,15.0,53.0,0.283,477.0,988.0,0.483,0.48,338.0,409.0,0.826,123.0,245.0,368.0,534.0,109.0,14.0,199.0,196.0,1337.0,2.0,
38.0,Shaquille O'Neal,36.0,PHO,C,75.0,75.0,2252.0,512.0,841.0,0.609,0.0,1.0,0.0,512.0,840.0,0.61,0.609,309.0,519.0,0.595,187.0,446.0,633.0,126.0,49.0,108.0,168.0,253.0,1333.0,0.0,"AS,NBA3"
39.0,Deron Williams,24.0,UTA,PG,68.0,68.0,2505.0,463.0,984.0,0.471,70.0,226.0,0.31,393.0,758.0,0.518,0.506,326.0,384.0,0.849,24.0,171.0,195.0,725.0,73.0,20.0,228.0,134.0,1322.0,0.0,
40.0,Hedo Türkoğlu,29.0,ORL,SF,77.0,77.0,2815.0,423.0,1025.0,0.413,134.0,376.0,0.356,289.0,649.0,0.445,0.478,314.0,389.0,0.807,45.0,365.0,410.0,375.0,64.0,19.0,204.0,218.0,1294.0,0.0,DPOY-16
41.0,David Lee,25.0,NYK,C,81.0,74.0,2824.0,522.0,951.0,0.549,0.0,3.0,0.0,522.0,948.0,0.551,0.549,249.0,330.0,0.755,256.0,695.0,951.0,174.0,80.0,22.0,150.0,260.0,1293.0,0.0,
42.0,Jeff Green,22.0,OKC,PF,78.0,78.0,2873.0,476.0,1068.0,0.446,96.0,247.0,0.389,380.0,821.0,0.463,0.491,242.0,307.0,0.788,120.0,399.0,519.0,155.0,81.0,33.0,173.0,202.0,1290.0,0.0,
43.0,Jamal Crawford,28.0,2TM,PG,65.0,65.0,2479.0,419.0,1022.0,0.41,142.0,394.0,0.36,277.0,628.0,0.441,0.479,300.0,344.0,0.872,23.0,170.0,193.0,288.0,57.0,13.0,148.0,92.0,1280.0,0.0,
43.0,Jamal Crawford,28.0,NYK,SG,11.0,11.0,392.0,73.0,169.0,0.432,35.0,77.0,0.455,38.0,92.0,0.413,0.536,35.0,46.0,0.761,2.0,15.0,17.0,48.0,9.0,0.0,26.0,13.0,216.0,0.0,
43.0,Jamal Crawford,28.0,GSW,PG,54.0,54.0,2087.0,346.0,853.0,0.406,107.0,317.0,0.338,239.0,536.0,0.446,0.468,265.0,298.0,0.889,21.0,155.0,176.0,240.0,48.0,13.0,122.0,79.0,1064.0,0.0,
44.0,Nate Robinson,24.0,NYK,PG,74.0,11.0,2209.0,449.0,1028.0,0.437,125.0,385.0,0.325,324.0,643.0,0.504,0.498,249.0,296.0,0.841,98.0,192.0,290.0,301.0,95.0,6.0,139.0,206.0,1272.0,0.0,6MOY-3
45.0,Charlie Villanueva,24.0,MIL,PF,78.0,47.0,2095.0,487.0,1089.0,0.447,89.0,258.0,0.345,398.0,831.0,0.479,0.488,201.0,240.0,0.838,154.0,366.0,520.0,137.0,50.0,56.0,138.0,254.0,1264.0,0.0,
46.0,Russell Westbrook,20.0,OKC,PG,82.0,65.0,2668.0,436.0,1095.0,0.398,35.0,129.0,0.271,401.0,966.0,0.415,0.414,349.0,428.0,0.815,178.0,221.0,399.0,435.0,110.0,16.0,274.0,191.0,1256.0,1.0,ROY-4
47.0,Kevin Martin,25.0,SAC,SG,51.0,46.0,1947.0,341.0,811.0,0.42,115.0,277.0,0.415,226.0,534.0,0.423,0.491,457.0,527.0,0.867,29.0,154.0,183.0,138.0,61.0,8.0,146.0,116.0,1254.0,0.0,
48.0,Eric Gordon,20.0,LAC,SG,78.0,65.0,2677.0,411.0,901.0,0.456,131.0,337.0,0.389,280.0,564.0,0.496,0.529,299.0,350.0,0.854,45.0,156.0,201.0,215.0,78.0,35.0,164.0,172.0,1252.0,0.0,ROY-5
49.0,J.R. Smith,23.0,DEN,SG,81.0,18.0,2245.0,424.0,950.0,0.446,180.0,453.0,0.397,244.0,497.0,0.491,0.541,205.0,272.0,0.754,43.0,254.0,297.0,227.0,78.0,14.0,150.0,190.0,1233.0,0.0,6MOY-2
50.0,Richard Hamilton,30.0,DET,SG,67.0,51.0,2279.0,466.0,1043.0,0.447,70.0,190.0,0.368,396.0,853.0,0.464,0.48,223.0,263.0,0.848,44.0,163.0,207.0,297.0,40.0,4.0,133.0,176.0,1225.0,0.0,
51.0,Mehmet Okur,29.0,UTA,C,72.0,72.0,2409.0,431.0,888.0,0.485,90.0,202.0,0.446,341.0,686.0,0.497,0.536,273.0,334.0,0.817,124.0,433.0,557.0,120.0,54.0,53.0,132.0,219.0,1225.0,0.0,
52.0,Stephen Jackson,30.0,GSW,SF,59.0,59.0,2339.0,413.0,997.0,0.414,103.0,305.0,0.338,310.0,692.0,0.448,0.466,294.0,356.0,0.826,70.0,233.0,303.0,381.0,88.0,31.0,229.0,153.0,1223.0,1.0,
53.0,Jason Richardson,28.0,2TM,SG,72.0,71.0,2410.0,465.0,974.0,0.477,129.0,325.0,0.397,336.0,649.0,0.518,0.544,153.0,199.0,0.769,77.0,242.0,319.0,146.0,76.0,28.0,95.0,146.0,1212.0,0.0,
53.0,Jason Richardson,28.0,CHA,SG,14.0,14.0,491.0,97.0,220.0,0.441,27.0,59.0,0.458,70.0,161.0,0.435,0.502,41.0,55.0,0.745,13.0,45.0,58.0,36.0,14.0,3.0,24.0,43.0,262.0,0.0,
53.0,Jason Richardson,28.0,PHO,SG,58.0,57.0,1919.0,368.0,754.0,0.488,102.0,266.0,0.383,266.0,488.0,0.545,0.556,112.0,144.0,0.778,64.0,197.0,261.0,110.0,62.0,25.0,71.0,103.0,950.0,0.0,
54.0,Andrea Bargnani,23.0,TOR,PF,78.0,59.0,2453.0,431.0,958.0,0.45,119.0,291.0,0.409,312.0,667.0,0.468,0.512,221.0,266.0,0.831,70.0,346.0,416.0,94.0,34.0,97.0,135.0,242.0,1202.0,0.0,
55.0,Al Thornton,25.0,LAC,SF,71.0,67.0,2654.0,469.0,1051.0,0.446,20.0,79.0,0.253,449.0,972.0,0.462,0.456,236.0,313.0,0.754,122.0,246.0,368.0,103.0,59.0,62.0,130.0,227.0,1194.0,0.0,
56.0,Wilson Chandler,21.0,NYK,SF,82.0,70.0,2735.0,455.0,1054.0,0.432,103.0,314.0,0.328,352.0,740.0,0.476,0.481,171.0,215.0,0.795,91.0,354.0,445.0,170.0,71.0,75.0,139.0,250.0,1184.0,0.0,
57.0,Gerald Wallace,26.0,CHA,SF,71.0,71.0,2669.0,389.0,811.0,0.48,39.0,131.0,0.298,350.0,680.0,0.515,0.504,365.0,454.0,0.804,112.0,441.0,553.0,189.0,121.0,67.0,148.0,210.0,1182.0,0.0,
58.0,Metta World Peace,29.0,HOU,SF,69.0,55.0,2452.0,416.0,1037.0,0.401,153.0,383.0,0.399,263.0,654.0,0.402,0.475,196.0,262.0,0.748,65.0,294.0,359.0,229.0,105.0,24.0,140.0,155.0,1181.0,0.0,DPOY-5
59.0,Mike Bibby,30.0,ATL,PG,79.0,79.0,2740.0,437.0,1005.0,0.435,167.0,428.0,0.39,270.0,577.0,0.468,0.518,135.0,171.0,0.789,38.0,240.0,278.0,392.0,98.0,11.0,128.0,145.0,1176.0,0.0,
60.0,Tayshaun Prince,28.0,DET,SF,82.0,82.0,3057.0,459.0,1020.0,0.45,56.0,141.0,0.397,403.0,879.0,0.458,0.477,189.0,243.0,0.778,128.0,348.0,476.0,253.0,44.0,51.0,101.0,104.0,1163.0,0.0,
61.0,Raymond Felton,24.0,CHA,PG,82.0,81.0,3086.0,442.0,1083.0,0.408,59.0,207.0,0.285,383.0,876.0,0.437,0.435,219.0,272.0,0.805,54.0,256.0,310.0,553.0,126.0,30.0,228.0,191.0,1162.0,0.0,
62.0,Steve Nash,34.0,PHO,PG,74.0,74.0,2484.0,428.0,851.0,0.503,108.0,246.0,0.439,320.0,605.0,0.529,0.566,196.0,210.0,0.933,19.0,204.0,223.0,717.0,55.0,10.0,248.0,108.0,1160.0,0.0,
63.0,Al Jefferson,24.0,MIN,C,50.0,50.0,1836.0,485.0,975.0,0.497,0.0,4.0,0.0,485.0,971.0,0.499,0.497,186.0,252.0,0.738,172.0,376.0,548.0,79.0,39.0,83.0,92.0,141.0,1156.0,0.0,
64.0,Thaddeus Young,20.0,PHI,PF,75.0,71.0,2580.0,475.0,960.0,0.495,56.0,164.0,0.341,419.0,796.0,0.526,0.524,139.0,189.0,0.735,139.0,238.0,377.0,86.0,100.0,23.0,118.0,165.0,1145.0,0.0,
65.0,Randy Foye,25.0,MIN,SG,70.0,61.0,2494.0,399.0,981.0,0.407,111.0,308.0,0.36,288.0,673.0,0.428,0.463,230.0,272.0,0.846,34.0,180.0,214.0,303.0,72.0,26.0,150.0,201.0,1139.0,0.0,
66.0,Amar'e Stoudemire,26.0,PHO,PF,53.0,53.0,1948.0,404.0,749.0,0.539,3.0,7.0,0.429,401.0,742.0,0.54,0.541,323.0,387.0,0.835,116.0,314.0,430.0,104.0,49.0,57.0,150.0,163.0,1134.0,0.0,AS
67.0,Michael Beasley,20.0,MIA,PF,81.0,19.0,2009.0,452.0,957.0,0.472,33.0,81.0,0.407,419.0,876.0,0.478,0.49,186.0,241.0,0.772,110.0,329.0,439.0,83.0,41.0,37.0,121.0,184.0,1123.0,0.0,"ROY-7,6MOY-17"
68.0,Nenê,26.0,DEN,C,77.0,76.0,2510.0,428.0,709.0,0.604,1.0,5.0,0.2,427.0,704.0,0.607,0.604,266.0,368.0,0.723,183.0,415.0,598.0,108.0,95.0,101.0,147.0,278.0,1123.0,0.0,
69.0,Ronnie Brewer,23.0,UTA,SF,81.0,80.0,2605.0,421.0,828.0,0.508,22.0,85.0,0.259,399.0,743.0,0.537,0.522,247.0,352.0,0.702,101.0,199.0,300.0,179.0,138.0,30.0,110.0,128.0,1111.0,0.0,
70.0,T.J. Ford,25.0,IND,PG,74.0,49.0,2258.0,413.0,913.0,0.452,35.0,104.0,0.337,378.0,809.0,0.467,0.472,245.0,281.0,0.872,59.0,200.0,259.0,392.0,89.0,16.0,180.0,180.0,1106.0,0.0,
71.0,Ryan Gomes,26.0,MIN,SF,82.0,76.0,2614.0,420.0,974.0,0.431,106.0,285.0,0.372,314.0,689.0,0.456,0.486,146.0,181.0,0.807,106.0,286.0,392.0,135.0,63.0,22.0,128.0,183.0,1092.0,0.0,
72.0,Emeka Okafor,26.0,CHA,C,82.0,81.0,2691.0,433.0,772.0,0.561,0.0,0.0,,433.0,772.0,0.561,0.561,219.0,369.0,0.593,275.0,552.0,827.0,53.0,48.0,136.0,144.0,247.0,1085.0,0.0,
73.0,Jarrett Jack,25.0,IND,SG,82.0,53.0,2716.0,386.0,853.0,0.453,78.0,221.0,0.353,308.0,632.0,0.487,0.498,224.0,263.0,0.852,44.0,232.0,276.0,338.0,88.0,17.0,184.0,179.0,1074.0,0.0,
74.0,Josh Smith,23.0,ATL,PF,69.0,69.0,2421.0,418.0,849.0,0.492,26.0,87.0,0.299,392.0,762.0,0.514,0.508,211.0,359.0,0.588,134.0,364.0,498.0,169.0,94.0,111.0,161.0,184.0,1073.0,0.0,DPOY-16
75.0,Boris Diaw,26.0,2TM,PF,81.0,59.0,2754.0,448.0,884.0,0.507,75.0,181.0,0.414,373.0,703.0,0.531,0.549,101.0,147.0,0.687,118.0,314.0,432.0,333.0,61.0,53.0,215.0,202.0,1072.0,0.0,
75.0,Boris Diaw,26.0,PHO,PF,22.0,0.0,538.0,80.0,141.0,0.567,5.0,14.0,0.357,75.0,127.0,0.591,0.585,18.0,26.0,0.692,24.0,60.0,84.0,46.0,11.0,9.0,37.0,39.0,183.0,0.0,
75.0,Boris Diaw,26.0,CHA,PF,59.0,59.0,2216.0,368.0,743.0,0.495,70.0,167.0,0.419,298.0,576.0,0.517,0.542,83.0,121.0,0.686,94.0,254.0,348.0,287.0,50.0,44.0,178.0,163.0,889.0,0.0,
76.0,Brook Lopez,20.0,NJN,C,82.0,75.0,2501.0,448.0,844.0,0.531,0.0,2.0,0.0,448.0,842.0,0.532,0.531,172.0,217.0,0.793,225.0,440.0,665.0,86.0,44.0,151.0,147.0,257.0,1068.0,0.0,ROY-3
77.0,Kelenna Azubuike,25.0,GSW,SF,74.0,51.0,2375.0,392.0,845.0,0.464,94.0,210.0,0.448,298.0,635.0,0.469,0.52,185.0,229.0,0.808,112.0,258.0,370.0,117.0,57.0,50.0,95.0,183.0,1063.0,0.0,
78.0,Rodney Stuckey,22.0,DET,PG,79.0,65.0,2517.0,401.0,913.0,0.439,23.0,78.0,0.295,378.0,835.0,0.453,0.452,233.0,290.0,0.803,69.0,206.0,275.0,387.0,78.0,11.0,173.0,217.0,1058.0,0.0,
79.0,Luis Scola,28.0,HOU,PF,82.0,82.0,2488.0,424.0,799.0,0.531,0.0,3.0,0.0,424.0,796.0,0.533,0.531,196.0,258.0,0.76,200.0,520.0,720.0,123.0,68.0,11.0,123.0,261.0,1044.0,0.0,
80.0,Troy Murphy,28.0,IND,PF,73.0,73.0,2482.0,364.0,767.0,0.475,161.0,358.0,0.45,203.0,409.0,0.496,0.58,152.0,184.0,0.826,146.0,715.0,861.0,172.0,58.0,34.0,114.0,226.0,1041.0,0.0,
81.0,Zach Randolph,27.0,2TM,PF,50.0,45.0,1757.0,415.0,873.0,0.475,32.0,97.0,0.33,383.0,776.0,0.494,0.494,179.0,244.0,0.734,157.0,347.0,504.0,103.0,43.0,16.0,114.0,133.0,1041.0,0.0,
81.0,Zach Randolph,27.0,NYK,C,11.0,11.0,388.0,82.0,189.0,0.434,7.0,24.0,0.292,75.0,165.0,0.455,0.452,55.0,67.0,0.821,40.0,97.0,137.0,15.0,13.0,3.0,23.0,28.0,226.0,0.0,
81.0,Zach Randolph,27.0,LAC,PF,39.0,34.0,1369.0,333.0,684.0,0.487,25.0,73.0,0.342,308.0,611.0,0.504,0.505,124.0,177.0,0.701,117.0,250.0,367.0,88.0,30.0,13.0,91.0,105.0,815.0,0.0,
82.0,Lou Williams,22.0,PHI,SG,81.0,0.0,1919.0,336.0,844.0,0.398,63.0,220.0,0.286,273.0,624.0,0.438,0.435,304.0,385.0,0.79,36.0,129.0,165.0,242.0,85.0,14.0,151.0,128.0,1039.0,0.0,6MOY-10
83.0,Travis Outlaw,24.0,POR,SF,81.0,6.0,2246.0,385.0,850.0,0.453,89.0,236.0,0.377,296.0,614.0,0.482,0.505,175.0,242.0,0.723,70.0,261.0,331.0,83.0,47.0,57.0,94.0,168.0,1034.0,0.0,6MOY-5
84.0,Paul Millsap,23.0,UTA,PF,76.0,38.0,2290.0,400.0,749.0,0.534,0.0,4.0,0.0,400.0,745.0,0.537,0.534,228.0,326.0,0.699,251.0,403.0,654.0,138.0,78.0,73.0,129.0,288.0,1028.0,0.0,6MOY-17
85.0,Allen Iverson,33.0,2TM,SG,57.0,53.0,2093.0,348.0,834.0,0.417,28.0,99.0,0.283,320.0,735.0,0.435,0.434,271.0,347.0,0.781,30.0,143.0,173.0,283.0,88.0,6.0,146.0,86.0,995.0,0.0,AS
85.0,Allen Iverson,33.0,DEN,SG,3.0,3.0,123.0,18.0,40.0,0.45,2.0,8.0,0.25,16.0,32.0,0.5,0.475,18.0,25.0,0.72,3.0,5.0,8.0,20.0,3.0,1.0,10.0,3.0,56.0,0.0,
85.0,Allen Iverson,33.0,DET,PG,54.0,50.0,1970.0,330.0,794.0,0.416,26.0,91.0,0.286,304.0,703.0,0.432,0.432,253.0,322.0,0.786,27.0,138.0,165.0,263.0,85.0,5.0,136.0,83.0,939.0,0.0,
86.0,Leandro Barbosa,26.0,PHO,SG,70.0,11.0,1705.0,366.0,759.0,0.482,90.0,240.0,0.375,276.0,519.0,0.532,0.542,171.0,194.0,0.881,34.0,147.0,181.0,162.0,82.0,7.0,93.0,115.0,993.0,0.0,6MOY-10
87.0,Grant Hill,36.0,PHO,SF,82.0,68.0,2445.0,390.0,745.0,0.523,24.0,76.0,0.316,366.0,669.0,0.547,0.54,181.0,224.0,0.808,64.0,341.0,405.0,186.0,90.0,54.0,126.0,182.0,985.0,0.0,DPOY-16
88.0,Ramon Sessions,22.0,MIL,PG,79.0,39.0,2173.0,345.0,775.0,0.445,6.0,34.0,0.176,339.0,741.0,0.457,0.449,281.0,354.0,0.794,64.0,205.0,269.0,452.0,83.0,7.0,152.0,158.0,977.0,1.0,
89.0,Marc Gasol,24.0,MEM,C,82.0,75.0,2521.0,350.0,661.0,0.53,0.0,1.0,0.0,350.0,660.0,0.53,0.53,275.0,375.0,0.733,201.0,404.0,605.0,143.0,63.0,90.0,164.0,265.0,975.0,0.0,ROY-8
90.0,Ronald Murray,29.0,ATL,SG,80.0,2.0,1975.0,355.0,795.0,0.447,87.0,242.0,0.36,268.0,553.0,0.485,0.501,177.0,233.0,0.76,22.0,146.0,168.0,158.0,88.0,17.0,128.0,173.0,974.0,0.0,6MOY-7
91.0,Roger Mason,28.0,SAS,SG,82.0,71.0,2496.0,349.0,822.0,0.425,166.0,394.0,0.421,183.0,428.0,0.428,0.526,105.0,118.0,0.89,16.0,235.0,251.0,173.0,40.0,12.0,100.0,160.0,969.0,0.0,
92.0,Baron Davis,29.0,LAC,PG,65.0,60.0,2248.0,355.0,959.0,0.37,99.0,328.0,0.302,256.0,631.0,0.406,0.422,159.0,210.0,0.757,46.0,192.0,238.0,501.0,108.0,35.0,193.0,193.0,968.0,0.0,
93.0,Rajon Rondo,22.0,BOS,PG,80.0,80.0,2642.0,383.0,759.0,0.505,15.0,48.0,0.313,368.0,711.0,0.518,0.514,172.0,268.0,0.642,100.0,316.0,416.0,659.0,149.0,11.0,209.0,193.0,953.0,2.0,DPOY-10
94.0,Hakim Warrick,26.0,MEM,PF,82.0,7.0,2029.0,340.0,693.0,0.491,5.0,23.0,0.217,335.0,670.0,0.5,0.494,266.0,374.0,0.711,129.0,277.0,406.0,66.0,48.0,39.0,98.0,170.0,951.0,0.0,6MOY-17
95.0,Corey Maggette,29.0,GSW,PF,51.0,19.0,1588.0,292.0,634.0,0.461,24.0,95.0,0.253,268.0,539.0,0.497,0.479,342.0,415.0,0.824,49.0,233.0,282.0,92.0,44.0,8.0,120.0,192.0,950.0,0.0,6MOY-10
96.0,Josh Howard,28.0,DAL,SF,52.0,51.0,1663.0,353.0,783.0,0.451,58.0,168.0,0.345,295.0,615.0,0.48,0.488,172.0,220.0,0.782,59.0,204.0,263.0,83.0,55.0,30.0,89.0,135.0,936.0,0.0,
97.0,Rasual Butler,29.0,NOH,SF,82.0,74.0,2614.0,348.0,803.0,0.433,140.0,359.0,0.39,208.0,444.0,0.468,0.521,86.0,110.0,0.782,49.0,222.0,271.0,75.0,51.0,61.0,59.0,159.0,922.0,0.0,
98.0,Jason Thompson,22.0,SAC,PF,82.0,56.0,2303.0,356.0,717.0,0.497,0.0,8.0,0.0,356.0,709.0,0.502,0.497,198.0,286.0,0.692,234.0,372.0,606.0,93.0,46.0,59.0,146.0,314.0,910.0,0.0,
99.0,Jermaine O'Neal,30.0,2TM,C,68.0,61.0,2027.0,365.0,770.0,0.474,0.0,1.0,0.0,365.0,769.0,0.475,0.474,175.0,222.0,0.788,126.0,307.0,433.0,122.0,29.0,136.0,144.0,211.0,905.0,0.0,
99.0,Jermaine O'Neal,30.0,TOR,C,41.0,34.0,1216.0,220.0,465.0,0.473,0.0,1.0,0.0,220.0,464.0,0.474,0.473,115.0,142.0,0.81,71.0,217.0,288.0,67.0,18.0,82.0,92.0,130.0,555.0,0.0,
99.0,Jermaine O'Neal,30.0,MIA,C,27.0,27.0,811.0,145.0,305.0,0.475,0.0,0.0,,145.0,305.0,0.475,0.475,60.0,80.0,0.75,55.0,90.0,145.0,55.0,11.0,54.0,52.0,81.0,350.0,0.0,
100.0,Rafer Alston,32.0,2TM,PG,77.0,76.0,2447.0,316.0,820.0,0.385,112.0,331.0,0.338,204.0,489.0,0.417,0.454,156.0,208.0,0.75,33.0,194.0,227.0,406.0,108.0,10.0,140.0,135.0,900.0,0.0,
100.0,Rafer Alston,32.0,HOU,PG,48.0,48.0,1591.0,193.0,522.0,0.37,80.0,230.0,0.348,113.0,292.0,0.387,0.446,86.0,109.0,0.789,25.0,119.0,144.0,258.0,57.0,7.0,88.0,72.0,552.0,0.0,
100.0,Rafer Alston,32.0,ORL,PG,29.0,28.0,856.0,123.0,298.0,0.413,32.0,101.0,0.317,91.0,197.0,0.462,0.466,70.0,99.0,0.707,8.0,75.0,83.0,148.0,51.0,3.0,52.0,63.0,348.0,0.0,
101.0,Kevin Garnett,32.0,BOS,PF,57.0,57.0,1772.0,393.0,740.0,0.531,2.0,8.0,0.25,391.0,732.0,0.534,0.532,111.0,132.0,0.841,78.0,407.0,485.0,144.0,63.0,68.0,90.0,128.0,899.0,0.0,"DPOY-8,AS"
102.0,Kevin Love,20.0,MIN,C,81.0,37.0,2048.0,316.0,688.0,0.459,2.0,19.0,0.105,314.0,669.0,0.469,0.461,265.0,336.0,0.789,274.0,460.0,734.0,84.0,35.0,50.0,118.0,205.0,899.0,0.0,ROY-6
103.0,Mike Conley,21.0,MEM,PG,82.0,61.0,2508.0,323.0,730.0,0.442,88.0,217.0,0.406,235.0,513.0,0.458,0.503,161.0,197.0,0.817,25.0,251.0,276.0,354.0,90.0,8.0,143.0,146.0,895.0,0.0,
104.0,Aaron Brooks,24.0,HOU,PG,80.0,35.0,1998.0,316.0,783.0,0.404,113.0,309.0,0.366,203.0,474.0,0.428,0.476,149.0,172.0,0.866,33.0,124.0,157.0,238.0,46.0,8.0,125.0,152.0,894.0,0.0,
105.0,Nick Young,23.0,WAS,SG,82.0,5.0,1837.0,336.0,756.0,0.444,56.0,164.0,0.341,280.0,592.0,0.473,0.481,164.0,193.0,0.85,31.0,119.0,150.0,95.0,39.0,20.0,92.0,140.0,892.0,0.0,
106.0,Shawn Marion,30.0,2TM,SF,69.0,68.0,2470.0,382.0,788.0,0.485,10.0,53.0,0.189,372.0,735.0,0.506,0.491,117.0,147.0,0.796,180.0,409.0,589.0,139.0,88.0,66.0,105.0,132.0,891.0,0.0,
106.0,Shawn Marion,30.0,MIA,SF,42.0,41.0,1516.0,215.0,446.0,0.482,8.0,40.0,0.2,207.0,406.0,0.51,0.491,67.0,85.0,0.788,107.0,258.0,365.0,77.0,57.0,45.0,56.0,92.0,505.0,0.0,
106.0,Shawn Marion,30.0,TOR,SF,27.0,27.0,954.0,167.0,342.0,0.488,2.0,13.0,0.154,165.0,329.0,0.502,0.491,50.0,62.0,0.806,73.0,151.0,224.0,62.0,31.0,21.0,49.0,40.0,386.0,0.0,
107.0,Lamar Odom,29.0,LAL,PF,78.0,32.0,2316.0,346.0,703.0,0.492,33.0,103.0,0.32,313.0,600.0,0.522,0.516,160.0,257.0,0.623,176.0,461.0,637.0,204.0,77.0,98.0,138.0,235.0,885.0,0.0,6MOY-4
108.0,Chris Duhon,26.0,NYK,PG,79.0,78.0,2906.0,287.0,681.0,0.421,127.0,325.0,0.391,160.0,356.0,0.449,0.515,179.0,209.0,0.856,45.0,201.0,246.0,566.0,72.0,7.0,221.0,126.0,880.0,0.0,
109.0,Spencer Hawes,20.0,SAC,C,77.0,51.0,2259.0,373.0,800.0,0.466,40.0,115.0,0.348,333.0,685.0,0.486,0.491,90.0,136.0,0.662,148.0,401.0,549.0,149.0,44.0,93.0,160.0,249.0,876.0,0.0,
110.0,José Calderón,27.0,TOR,PG,68.0,68.0,2333.0,320.0,644.0,0.497,82.0,202.0,0.406,238.0,442.0,0.538,0.561,151.0,154.0,0.981,16.0,178.0,194.0,607.0,74.0,7.0,143.0,114.0,873.0,0.0,
111.0,Andrés Nocioni,29.0,2TM,PF,76.0,18.0,1991.0,299.0,701.0,0.427,124.0,311.0,0.399,175.0,390.0,0.449,0.515,145.0,183.0,0.792,54.0,307.0,361.0,102.0,39.0,33.0,113.0,261.0,867.0,0.0,
111.0,Andrés Nocioni,29.0,CHI,PF,53.0,2.0,1278.0,186.0,449.0,0.414,79.0,209.0,0.378,107.0,240.0,0.446,0.502,100.0,124.0,0.806,34.0,188.0,222.0,60.0,26.0,16.0,73.0,176.0,551.0,0.0,
111.0,Andrés Nocioni,29.0,SAC,SF,23.0,16.0,713.0,113.0,252.0,0.448,45.0,102.0,0.441,68.0,150.0,0.453,0.538,45.0,59.0,0.763,20.0,119.0,139.0,42.0,13.0,17.0,40.0,85.0,316.0,0.0,
112.0,Anthony Parker,33.0,TOR,SG,80.0,71.0,2637.0,321.0,754.0,0.426,94.0,241.0,0.39,227.0,513.0,0.442,0.488,121.0,145.0,0.834,45.0,272.0,317.0,269.0,100.0,15.0,114.0,145.0,857.0,0.0,
113.0,Tyrus Thomas,22.0,CHI,PF,79.0,61.0,2175.0,308.0,683.0,0.451,3.0,9.0,0.333,305.0,674.0,0.453,0.453,238.0,304.0,0.783,148.0,360.0,508.0,77.0,91.0,151.0,129.0,220.0,857.0,0.0,
114.0,D.J. Augustin,21.0,CHA,PG,72.0,12.0,1908.0,267.0,621.0,0.43,108.0,246.0,0.439,159.0,375.0,0.424,0.517,208.0,233.0,0.893,17.0,116.0,133.0,250.0,42.0,2.0,119.0,140.0,850.0,0.0,
115.0,Marvin Williams,22.0,ATL,SF,61.0,59.0,2093.0,285.0,622.0,0.458,55.0,155.0,0.355,230.0,467.0,0.493,0.502,220.0,273.0,0.806,110.0,272.0,382.0,81.0,57.0,39.0,70.0,127.0,845.0,0.0,
116.0,Zydrunas Ilgauskas,33.0,CLE,C,65.0,65.0,1765.0,342.0,724.0,0.472,15.0,39.0,0.385,327.0,685.0,0.477,0.483,139.0,174.0,0.799,157.0,333.0,490.0,64.0,28.0,84.0,90.0,183.0,838.0,0.0,
117.0,Brad Miller,32.0,2TM,C,70.0,43.0,2100.0,292.0,614.0,0.476,23.0,56.0,0.411,269.0,558.0,0.482,0.494,224.0,272.0,0.824,150.0,395.0,545.0,234.0,52.0,36.0,130.0,223.0,831.0,0.0,
117.0,Brad Miller,32.0,SAC,C,43.0,43.0,1354.0,184.0,388.0,0.474,20.0,43.0,0.465,164.0,345.0,0.475,0.5,125.0,156.0,0.801,83.0,261.0,344.0,148.0,30.0,24.0,83.0,135.0,513.0,0.0,
117.0,Brad Miller,32.0,CHI,C,27.0,0.0,746.0,108.0,226.0,0.478,3.0,13.0,0.231,105.0,213.0,0.493,0.485,99.0,116.0,0.853,67.0,134.0,201.0,86.0,22.0,12.0,47.0,88.0,318.0,0.0,
118.0,Francisco García,27.0,SAC,SF,65.0,36.0,1975.0,295.0,665.0,0.444,88.0,221.0,0.398,207.0,444.0,0.466,0.51,146.0,178.0,0.82,56.0,162.0,218.0,150.0,80.0,67.0,112.0,196.0,824.0,0.0,
119.0,Mario Chalmers,22.0,MIA,PG,82.0,82.0,2626.0,278.0,662.0,0.42,114.0,311.0,0.367,164.0,351.0,0.467,0.506,148.0,193.0,0.767,37.0,191.0,228.0,403.0,160.0,8.0,165.0,240.0,818.0,0.0,ROY-11
120.0,Rudy Fernández,23.0,POR,SG,78.0,4.0,1993.0,268.0,630.0,0.425,159.0,398.0,0.399,109.0,232.0,0.47,0.552,120.0,143.0,0.839,47.0,160.0,207.0,159.0,69.0,12.0,86.0,111.0,815.0,0.0,ROY-9
121.0,Derek Fisher,34.0,LAL,PG,82.0,82.0,2441.0,292.0,688.0,0.424,120.0,302.0,0.397,172.0,386.0,0.446,0.512,110.0,130.0,0.846,25.0,163.0,188.0,261.0,95.0,6.0,72.0,187.0,814.0,0.0,
122.0,Linas Kleiza,24.0,DEN,SF,82.0,7.0,1824.0,289.0,646.0,0.447,87.0,267.0,0.326,202.0,379.0,0.533,0.515,148.0,204.0,0.725,92.0,235.0,327.0,64.0,31.0,14.0,82.0,155.0,813.0,0.0,
123.0,Peja Stojaković,31.0,NOH,SF,61.0,59.0,2089.0,287.0,719.0,0.399,145.0,384.0,0.378,142.0,335.0,0.424,0.5,93.0,104.0,0.894,44.0,220.0,264.0,75.0,52.0,3.0,51.0,101.0,812.0,0.0,
124.0,Beno Udrih,26.0,SAC,PG,73.0,72.0,2270.0,321.0,696.0,0.461,35.0,113.0,0.31,286.0,583.0,0.491,0.486,123.0,150.0,0.82,46.0,174.0,220.0,342.0,81.0,12.0,158.0,192.0,800.0,0.0,
125.0,Raja Bell,32.0,2TM,SG,67.0,66.0,2315.0,299.0,684.0,0.437,114.0,271.0,0.421,185.0,413.0,0.448,0.52,87.0,102.0,0.853,41.0,202.0,243.0,142.0,50.0,8.0,86.0,166.0,799.0,0.0,DPOY-12
125.0,Raja Bell,32.0,PHO,SG,22.0,22.0,712.0,76.0,177.0,0.429,44.0,94.0,0.468,32.0,83.0,0.386,0.554,16.0,21.0,0.762,8.0,56.0,64.0,29.0,13.0,2.0,18.0,57.0,212.0,0.0,
125.0,Raja Bell,32.0,CHA,SG,45.0,44.0,1603.0,223.0,507.0,0.44,70.0,177.0,0.395,153.0,330.0,0.464,0.509,71.0,81.0,0.877,33.0,146.0,179.0,113.0,37.0,6.0,68.0,109.0,587.0,0.0,
126.0,Rasheed Wallace,34.0,DET,C,66.0,63.0,2123.0,302.0,720.0,0.419,113.0,319.0,0.354,189.0,401.0,0.471,0.498,78.0,101.0,0.772,56.0,434.0,490.0,91.0,62.0,86.0,59.0,197.0,795.0,0.0,
127.0,Udonis Haslem,28.0,MIA,PF,75.0,75.0,2560.0,333.0,643.0,0.518,0.0,0.0,,333.0,643.0,0.518,0.518,128.0,170.0,0.753,169.0,449.0,618.0,85.0,43.0,25.0,82.0,204.0,794.0,0.0,
128.0,Matt Barnes,28.0,PHO,PF,77.0,40.0,2082.0,285.0,674.0,0.423,117.0,341.0,0.343,168.0,333.0,0.505,0.51,101.0,136.0,0.743,79.0,342.0,421.0,212.0,52.0,26.0,130.0,209.0,788.0,0.0,
129.0,Michael Finley,35.0,SAS,SF,81.0,77.0,2336.0,301.0,689.0,0.437,131.0,319.0,0.411,170.0,370.0,0.459,0.532,51.0,62.0,0.823,26.0,244.0,270.0,114.0,37.0,17.0,61.0,82.0,784.0,0.0,
130.0,Andrei Kirilenko,27.0,UTA,PF,67.0,10.0,1831.0,256.0,570.0,0.449,20.0,73.0,0.274,236.0,497.0,0.475,0.467,244.0,311.0,0.785,84.0,235.0,319.0,175.0,83.0,77.0,121.0,127.0,776.0,0.0,6MOY-9
131.0,Al Horford,22.0,ATL,C,67.0,67.0,2242.0,312.0,594.0,0.525,0.0,1.0,0.0,312.0,593.0,0.526,0.525,149.0,205.0,0.727,145.0,479.0,624.0,163.0,53.0,95.0,103.0,190.0,773.0,0.0,
132.0,Kenyon Martin,31.0,DEN,PF,66.0,66.0,2111.0,318.0,648.0,0.491,14.0,38.0,0.368,304.0,610.0,0.498,0.502,119.0,197.0,0.604,81.0,314.0,395.0,132.0,96.0,74.0,104.0,201.0,769.0,0.0,
133.0,Steve Blake,28.0,POR,PG,69.0,69.0,2188.0,277.0,647.0,0.428,140.0,328.0,0.427,137.0,319.0,0.429,0.536,63.0,75.0,0.84,28.0,145.0,173.0,348.0,69.0,4.0,108.0,126.0,757.0,0.0,
134.0,Delonte West,25.0,CLE,SG,64.0,64.0,2152.0,285.0,624.0,0.457,91.0,228.0,0.399,194.0,396.0,0.49,0.53,90.0,108.0,0.833,31.0,172.0,203.0,226.0,94.0,13.0,92.0,125.0,751.0,0.0,
135.0,Keyon Dooling,28.0,NJN,PG,77.0,18.0,2074.0,261.0,598.0,0.436,99.0,235.0,0.421,162.0,363.0,0.446,0.519,127.0,154.0,0.825,24.0,131.0,155.0,270.0,71.0,8.0,105.0,135.0,748.0,0.0,
136.0,Craig Smith,25.0,MIN,PF,74.0,31.0,1460.0,289.0,514.0,0.562,0.0,1.0,0.0,289.0,513.0,0.563,0.562,168.0,248.0,0.677,98.0,186.0,284.0,79.0,31.0,19.0,105.0,184.0,746.0,0.0,
137.0,Sebastian Telfair,23.0,MIN,PG,75.0,43.0,2095.0,267.0,697.0,0.383,73.0,211.0,0.346,194.0,486.0,0.399,0.435,131.0,160.0,0.819,32.0,95.0,127.0,343.0,73.0,12.0,146.0,184.0,738.0,0.0,
138.0,Andris Biedriņš,22.0,GSW,C,62.0,58.0,1863.0,308.0,533.0,0.578,0.0,1.0,0.0,308.0,532.0,0.579,0.578,119.0,216.0,0.551,223.0,470.0,693.0,121.0,63.0,96.0,110.0,236.0,735.0,0.0,
139.0,Marquis Daniels,28.0,IND,SF,54.0,43.0,1700.0,311.0,689.0,0.451,18.0,90.0,0.2,293.0,599.0,0.489,0.464,93.0,129.0,0.721,80.0,168.0,248.0,114.0,62.0,26.0,94.0,120.0,733.0,0.0,
140.0,Quentin Richardson,28.0,NYK,SG,72.0,51.0,1894.0,262.0,667.0,0.393,120.0,329.0,0.365,142.0,338.0,0.42,0.483,89.0,117.0,0.761,71.0,248.0,319.0,117.0,47.0,7.0,74.0,132.0,733.0,0.0,
141.0,Jason Kidd,35.0,DAL,PG,81.0,81.0,2886.0,257.0,618.0,0.416,131.0,323.0,0.406,126.0,295.0,0.427,0.522,86.0,105.0,0.819,85.0,415.0,500.0,702.0,160.0,39.0,185.0,168.0,731.0,3.0,
142.0,C.J. Watson,24.0,GSW,PG,77.0,18.0,1883.0,257.0,562.0,0.457,48.0,120.0,0.4,209.0,442.0,0.473,0.5,168.0,193.0,0.87,39.0,153.0,192.0,206.0,96.0,4.0,92.0,137.0,730.0,0.0,
143.0,Trevor Ariza,23.0,LAL,SF,82.0,20.0,1999.0,274.0,596.0,0.46,61.0,191.0,0.319,213.0,405.0,0.526,0.511,120.0,169.0,0.71,111.0,241.0,352.0,145.0,137.0,24.0,87.0,166.0,729.0,0.0,"DPOY-16,6MOY-17"
144.0,Mike Miller,28.0,MIN,SF,73.0,47.0,2356.0,264.0,548.0,0.482,85.0,225.0,0.378,179.0,323.0,0.554,0.559,109.0,149.0,0.732,73.0,410.0,483.0,326.0,30.0,31.0,145.0,139.0,722.0,0.0,
145.0,Andrew Bynum,21.0,LAL,C,50.0,50.0,1446.0,281.0,502.0,0.56,0.0,0.0,,281.0,502.0,0.56,0.56,152.0,215.0,0.707,137.0,261.0,398.0,71.0,18.0,90.0,85.0,157.0,714.0,0.0,
146.0,Andray Blatche,22.0,WAS,C,71.0,36.0,1703.0,297.0,630.0,0.471,5.0,21.0,0.238,292.0,609.0,0.479,0.475,114.0,162.0,0.704,126.0,252.0,378.0,118.0,53.0,74.0,117.0,211.0,713.0,0.0,
147.0,Kyle Korver,27.0,UTA,SF,78.0,2.0,1874.0,245.0,560.0,0.438,103.0,267.0,0.386,142.0,293.0,0.485,0.529,112.0,127.0,0.882,35.0,223.0,258.0,137.0,47.0,30.0,90.0,170.0,705.0,0.0,
148.0,Jameer Nelson,26.0,ORL,PG,42.0,42.0,1309.0,267.0,531.0,0.503,82.0,181.0,0.453,185.0,350.0,0.529,0.58,86.0,97.0,0.887,20.0,125.0,145.0,226.0,51.0,3.0,83.0,123.0,702.0,0.0,AS
149.0,Michael Redd,29.0,MIL,SG,33.0,32.0,1203.0,249.0,547.0,0.455,70.0,191.0,0.366,179.0,356.0,0.503,0.519,131.0,161.0,0.814,24.0,83.0,107.0,88.0,35.0,2.0,53.0,45.0,699.0,0.0,
150.0,Anderson Varejão,26.0,CLE,PF,81.0,42.0,2306.0,270.0,504.0,0.536,0.0,2.0,0.0,270.0,502.0,0.538,0.536,154.0,250.0,0.616,166.0,415.0,581.0,81.0,75.0,66.0,80.0,239.0,694.0,0.0,DPOY-13
151.0,Eddie House,30.0,BOS,PG,81.0,0.0,1479.0,249.0,560.0,0.445,151.0,340.0,0.444,98.0,220.0,0.445,0.579,42.0,53.0,0.792,11.0,146.0,157.0,92.0,61.0,7.0,55.0,113.0,691.0,0.0,6MOY-13
152.0,Luol Deng,23.0,CHI,SF,49.0,46.0,1665.0,265.0,591.0,0.448,8.0,20.0,0.4,257.0,571.0,0.45,0.455,152.0,191.0,0.796,80.0,215.0,295.0,94.0,60.0,25.0,72.0,85.0,690.0,0.0,
153.0,Luke Ridnour,27.0,MIL,PG,72.0,50.0,2033.0,250.0,621.0,0.403,55.0,157.0,0.35,195.0,464.0,0.42,0.447,133.0,153.0,0.869,33.0,185.0,218.0,365.0,92.0,16.0,128.0,200.0,688.0,0.0,
154.0,Brandon Bass,23.0,DAL,C,81.0,0.0,1574.0,252.0,508.0,0.496,0.0,6.0,0.0,252.0,502.0,0.502,0.496,182.0,210.0,0.867,129.0,238.0,367.0,43.0,27.0,55.0,86.0,140.0,686.0,0.0,
155.0,Daequan Cook,21.0,MIA,SF,75.0,4.0,1833.0,242.0,645.0,0.375,153.0,395.0,0.387,89.0,250.0,0.356,0.494,49.0,56.0,0.875,19.0,170.0,189.0,71.0,39.0,10.0,42.0,125.0,686.0,0.0,
156.0,Willie Green,27.0,PHI,SG,81.0,60.0,1828.0,286.0,658.0,0.435,51.0,161.0,0.317,235.0,497.0,0.473,0.473,62.0,85.0,0.729,29.0,97.0,126.0,158.0,53.0,13.0,64.0,154.0,685.0,0.0,
157.0,Manu Ginóbili,31.0,SAS,SG,44.0,7.0,1181.0,223.0,491.0,0.454,69.0,209.0,0.33,154.0,282.0,0.546,0.524,168.0,190.0,0.884,24.0,174.0,198.0,157.0,64.0,16.0,88.0,90.0,683.0,0.0,6MOY-6
158.0,Anthony Morrow,23.0,GSW,SG,67.0,17.0,1515.0,255.0,534.0,0.478,86.0,184.0,0.467,169.0,350.0,0.483,0.558,80.0,92.0,0.87,78.0,121.0,199.0,80.0,36.0,12.0,52.0,130.0,676.0,0.0,
159.0,James Posey,32.0,NOH,SG,75.0,0.0,2140.0,216.0,524.0,0.412,116.0,314.0,0.369,100.0,210.0,0.476,0.523,120.0,146.0,0.822,38.0,324.0,362.0,82.0,58.0,21.0,79.0,216.0,668.0,0.0,6MOY-16
160.0,Matt Bonner,28.0,SAS,PF,81.0,67.0,1928.0,266.0,536.0,0.496,118.0,268.0,0.44,148.0,268.0,0.552,0.606,17.0,23.0,0.739,97.0,289.0,386.0,82.0,47.0,26.0,37.0,190.0,667.0,0.0,
161.0,C.J. Miles,21.0,UTA,SG,72.0,72.0,1623.0,258.0,562.0,0.459,63.0,179.0,0.352,195.0,383.0,0.509,0.515,78.0,89.0,0.876,45.0,122.0,167.0,107.0,46.0,15.0,64.0,187.0,657.0,0.0,
162.0,Jason Kapono,27.0,TOR,SG,80.0,12.0,1831.0,261.0,604.0,0.432,98.0,229.0,0.428,163.0,375.0,0.435,0.513,34.0,42.0,0.81,26.0,137.0,163.0,105.0,22.0,3.0,70.0,144.0,654.0,0.0,6MOY-15
163.0,Kendrick Perkins,24.0,BOS,C,76.0,76.0,2253.0,276.0,478.0,0.577,0.0,2.0,0.0,276.0,476.0,0.58,0.577,96.0,160.0,0.6,204.0,415.0,619.0,96.0,22.0,150.0,165.0,253.0,648.0,0.0,
164.0,Courtney Lee,23.0,ORL,SG,77.0,42.0,1939.0,243.0,540.0,0.45,82.0,203.0,0.404,161.0,337.0,0.478,0.526,78.0,94.0,0.83,18.0,160.0,178.0,91.0,76.0,14.0,69.0,157.0,646.0,0.0,ROY-11
165.0,Jarvis Hayes,27.0,NJN,SF,74.0,1.0,1832.0,257.0,577.0,0.445,94.0,244.0,0.385,163.0,333.0,0.489,0.527,36.0,52.0,0.692,27.0,240.0,267.0,54.0,52.0,7.0,49.0,162.0,644.0,0.0,
166.0,Marcus Camby,34.0,LAC,C,62.0,55.0,1925.0,254.0,496.0,0.512,1.0,4.0,0.25,253.0,492.0,0.514,0.513,132.0,182.0,0.725,161.0,529.0,690.0,127.0,51.0,132.0,93.0,129.0,641.0,0.0,DPOY-16
167.0,Larry Hughes,30.0,2TM,SF,55.0,20.0,1479.0,224.0,557.0,0.402,75.0,193.0,0.389,149.0,364.0,0.409,0.469,117.0,145.0,0.807,16.0,143.0,159.0,119.0,72.0,14.0,71.0,96.0,640.0,0.0,
167.0,Larry Hughes,30.0,CHI,SF,30.0,6.0,792.0,127.0,308.0,0.412,40.0,102.0,0.392,87.0,206.0,0.422,0.477,67.0,82.0,0.817,6.0,88.0,94.0,59.0,36.0,9.0,36.0,51.0,361.0,0.0,
167.0,Larry Hughes,30.0,NYK,SG,25.0,14.0,687.0,97.0,249.0,0.39,35.0,91.0,0.385,62.0,158.0,0.392,0.46,50.0,63.0,0.794,10.0,55.0,65.0,60.0,36.0,5.0,35.0,45.0,279.0,0.0,
168.0,Carl Landry,25.0,HOU,PF,69.0,0.0,1467.0,240.0,418.0,0.574,1.0,3.0,0.333,239.0,415.0,0.576,0.575,157.0,193.0,0.813,124.0,219.0,343.0,39.0,26.0,31.0,68.0,166.0,638.0,0.0,
169.0,J.J. Barea,24.0,DAL,SG,79.0,15.0,1600.0,246.0,557.0,0.442,55.0,154.0,0.357,191.0,403.0,0.474,0.491,70.0,93.0,0.753,36.0,141.0,177.0,269.0,37.0,5.0,105.0,121.0,617.0,0.0,
170.0,Brandon Rush,23.0,IND,SG,75.0,19.0,1803.0,243.0,575.0,0.423,78.0,209.0,0.373,165.0,366.0,0.451,0.49,46.0,66.0,0.697,34.0,199.0,233.0,66.0,38.0,37.0,75.0,128.0,610.0,0.0,
171.0,Von Wafer,23.0,HOU,SG,63.0,11.0,1225.0,229.0,512.0,0.447,64.0,164.0,0.39,165.0,348.0,0.474,0.51,88.0,117.0,0.752,19.0,94.0,113.0,71.0,40.0,8.0,59.0,71.0,610.0,0.0,
172.0,Marreese Speights,21.0,PHI,C,79.0,2.0,1263.0,252.0,502.0,0.502,2.0,8.0,0.25,250.0,494.0,0.506,0.504,102.0,132.0,0.773,123.0,170.0,293.0,30.0,27.0,56.0,46.0,181.0,608.0,0.0,
173.0,Drew Gooden,27.0,3TM,PF,51.0,28.0,1264.0,237.0,506.0,0.468,0.0,4.0,0.0,237.0,502.0,0.472,0.468,131.0,156.0,0.84,113.0,249.0,362.0,48.0,30.0,18.0,76.0,144.0,605.0,0.0,
173.0,Drew Gooden,27.0,CHI,PF,31.0,27.0,918.0,161.0,352.0,0.457,0.0,3.0,0.0,161.0,349.0,0.461,0.457,84.0,97.0,0.866,82.0,184.0,266.0,43.0,26.0,14.0,57.0,103.0,406.0,0.0,
173.0,Drew Gooden,27.0,SAC,PF,1.0,0.0,26.0,5.0,9.0,0.556,0.0,0.0,,5.0,9.0,0.556,0.556,2.0,2.0,1.0,3.0,10.0,13.0,2.0,0.0,0.0,3.0,2.0,12.0,0.0,
173.0,Drew Gooden,27.0,SAS,PF,19.0,1.0,320.0,71.0,145.0,0.49,0.0,1.0,0.0,71.0,144.0,0.493,0.49,45.0,57.0,0.789,28.0,55.0,83.0,3.0,4.0,4.0,16.0,39.0,187.0,0.0,
174.0,Carlos Boozer,27.0,UTA,PF,37.0,37.0,1197.0,251.0,512.0,0.49,0.0,0.0,,251.0,512.0,0.49,0.49,97.0,139.0,0.698,111.0,274.0,385.0,79.0,39.0,7.0,79.0,132.0,599.0,0.0,
175.0,Joey Graham,26.0,TOR,SF,78.0,10.0,1541.0,231.0,480.0,0.481,3.0,16.0,0.188,228.0,464.0,0.491,0.484,132.0,160.0,0.825,95.0,197.0,292.0,48.0,35.0,12.0,74.0,191.0,597.0,0.0,
176.0,Antonio McDyess,34.0,DET,PF,62.0,30.0,1866.0,268.0,525.0,0.51,0.0,0.0,,268.0,525.0,0.51,0.51,60.0,86.0,0.698,185.0,422.0,607.0,83.0,41.0,50.0,51.0,191.0,596.0,0.0,
177.0,Luc Mbah a Moute,22.0,MIL,PF,82.0,52.0,2114.0,227.0,491.0,0.462,0.0,4.0,0.0,227.0,487.0,0.466,0.462,140.0,192.0,0.729,189.0,298.0,487.0,87.0,87.0,45.0,100.0,204.0,594.0,0.0,
178.0,Charlie Bell,29.0,MIL,SG,70.0,23.0,1783.0,217.0,524.0,0.414,87.0,240.0,0.363,130.0,284.0,0.458,0.497,66.0,80.0,0.825,32.0,102.0,134.0,151.0,50.0,7.0,76.0,138.0,587.0,0.0,
179.0,Daniel Gibson,22.0,CLE,PG,75.0,0.0,1795.0,206.0,527.0,0.391,108.0,283.0,0.382,98.0,244.0,0.402,0.493,66.0,86.0,0.767,31.0,124.0,155.0,132.0,44.0,16.0,61.0,163.0,586.0,0.0,
180.0,Nick Collison,28.0,OKC,C,71.0,40.0,1831.0,243.0,428.0,0.568,0.0,2.0,0.0,243.0,426.0,0.57,0.568,98.0,136.0,0.721,181.0,308.0,489.0,66.0,51.0,50.0,73.0,239.0,584.0,0.0,
181.0,Kyle Lowry,22.0,2TM,PG,77.0,21.0,1679.0,189.0,434.0,0.435,25.0,98.0,0.255,164.0,336.0,0.488,0.464,181.0,226.0,0.801,26.0,163.0,189.0,275.0,69.0,17.0,117.0,146.0,584.0,0.0,
181.0,Kyle Lowry,22.0,MEM,PG,49.0,21.0,1071.0,112.0,272.0,0.412,17.0,69.0,0.246,95.0,203.0,0.468,0.443,129.0,161.0,0.801,13.0,98.0,111.0,178.0,48.0,8.0,79.0,89.0,370.0,0.0,
181.0,Kyle Lowry,22.0,HOU,PG,28.0,0.0,608.0,77.0,162.0,0.475,8.0,29.0,0.276,69.0,133.0,0.519,0.5,52.0,65.0,0.8,13.0,65.0,78.0,97.0,21.0,9.0,38.0,57.0,214.0,0.0,
182.0,Jamario Moon,28.0,2TM,SF,80.0,60.0,2068.0,222.0,474.0,0.468,65.0,183.0,0.355,157.0,291.0,0.54,0.537,68.0,80.0,0.85,58.0,307.0,365.0,95.0,86.0,60.0,43.0,133.0,577.0,0.0,
182.0,Jamario Moon,28.0,TOR,SF,54.0,39.0,1379.0,150.0,317.0,0.473,38.0,110.0,0.345,112.0,207.0,0.541,0.533,55.0,65.0,0.846,48.0,201.0,249.0,70.0,65.0,44.0,31.0,85.0,393.0,0.0,
182.0,Jamario Moon,28.0,MIA,SF,26.0,21.0,689.0,72.0,157.0,0.459,27.0,73.0,0.37,45.0,84.0,0.536,0.545,13.0,15.0,0.867,10.0,106.0,116.0,25.0,21.0,16.0,12.0,48.0,184.0,0.0,
183.0,Maurice Evans,30.0,ATL,SF,80.0,25.0,1840.0,208.0,482.0,0.432,98.0,248.0,0.395,110.0,234.0,0.47,0.533,60.0,73.0,0.822,88.0,155.0,243.0,54.0,50.0,10.0,43.0,163.0,574.0,0.0,
184.0,Darius Songaila,30.0,WAS,C,77.0,29.0,1521.0,243.0,457.0,0.532,0.0,1.0,0.0,243.0,456.0,0.533,0.532,80.0,90.0,0.889,75.0,152.0,227.0,94.0,64.0,20.0,74.0,200.0,566.0,0.0,
185.0,Bobby Simmons,28.0,NJN,SF,71.0,44.0,1729.0,198.0,441.0,0.449,117.0,262.0,0.447,81.0,179.0,0.453,0.582,43.0,58.0,0.741,72.0,205.0,277.0,92.0,50.0,10.0,62.0,186.0,556.0,0.0,
186.0,Rashad McCants,24.0,2TM,SG,58.0,3.0,1101.0,192.0,488.0,0.393,63.0,189.0,0.333,129.0,299.0,0.431,0.458,107.0,141.0,0.759,21.0,89.0,110.0,68.0,47.0,14.0,64.0,103.0,554.0,0.0,
186.0,Rashad McCants,24.0,MIN,SG,34.0,2.0,636.0,105.0,292.0,0.36,38.0,119.0,0.319,67.0,173.0,0.387,0.425,60.0,81.0,0.741,11.0,52.0,63.0,32.0,27.0,6.0,45.0,63.0,308.0,0.0,
186.0,Rashad McCants,24.0,SAC,SG,24.0,1.0,465.0,87.0,196.0,0.444,25.0,70.0,0.357,62.0,126.0,0.492,0.508,47.0,60.0,0.783,10.0,37.0,47.0,36.0,20.0,8.0,19.0,40.0,246.0,0.0,
187.0,Tracy McGrady,29.0,HOU,SG,35.0,35.0,1181.0,188.0,485.0,0.388,44.0,117.0,0.376,144.0,368.0,0.391,0.433,125.0,156.0,0.801,20.0,134.0,154.0,175.0,42.0,15.0,69.0,38.0,545.0,1.0,
188.0,Tim Thomas,31.0,3TM,PF,64.0,6.0,1247.0,189.0,438.0,0.432,78.0,189.0,0.413,111.0,249.0,0.446,0.521,89.0,121.0,0.736,42.0,159.0,201.0,68.0,31.0,11.0,70.0,144.0,545.0,0.0,
188.0,Tim Thomas,31.0,LAC,PF,10.0,5.0,220.0,34.0,90.0,0.378,6.0,20.0,0.3,28.0,70.0,0.4,0.411,21.0,34.0,0.618,14.0,32.0,46.0,10.0,3.0,1.0,14.0,26.0,95.0,0.0,
188.0,Tim Thomas,31.0,NYK,PF,36.0,1.0,773.0,119.0,258.0,0.461,53.0,126.0,0.421,66.0,132.0,0.5,0.564,54.0,67.0,0.806,20.0,93.0,113.0,46.0,22.0,10.0,46.0,91.0,345.0,0.0,
188.0,Tim Thomas,31.0,CHI,PF,18.0,0.0,254.0,36.0,90.0,0.4,19.0,43.0,0.442,17.0,47.0,0.362,0.506,14.0,20.0,0.7,8.0,34.0,42.0,12.0,6.0,0.0,10.0,27.0,105.0,0.0,
189.0,Greg Oden,21.0,POR,C,61.0,39.0,1314.0,198.0,351.0,0.564,0.0,0.0,,198.0,351.0,0.564,0.564,144.0,226.0,0.637,169.0,255.0,424.0,31.0,25.0,69.0,87.0,238.0,540.0,0.0,
190.0,Vladimir Radmanović,28.0,2TM,SF,78.0,31.0,1445.0,196.0,466.0,0.421,105.0,262.0,0.401,91.0,204.0,0.446,0.533,43.0,58.0,0.741,45.0,177.0,222.0,81.0,46.0,15.0,98.0,111.0,540.0,0.0,
190.0,Vladimir Radmanović,28.0,LAL,SF,46.0,28.0,771.0,95.0,214.0,0.444,60.0,136.0,0.441,35.0,78.0,0.449,0.584,23.0,27.0,0.852,18.0,99.0,117.0,38.0,28.0,7.0,47.0,51.0,273.0,0.0,
190.0,Vladimir Radmanović,28.0,CHA,SF,32.0,3.0,674.0,101.0,252.0,0.401,45.0,126.0,0.357,56.0,126.0,0.444,0.49,20.0,31.0,0.645,27.0,78.0,105.0,43.0,18.0,8.0,51.0,60.0,267.0,0.0,
191.0,Leon Powe,25.0,BOS,PF,70.0,7.0,1227.0,177.0,338.0,0.524,0.0,0.0,,177.0,338.0,0.524,0.524,184.0,267.0,0.689,145.0,200.0,345.0,46.0,24.0,38.0,76.0,192.0,538.0,0.0,
192.0,Joakim Noah,23.0,CHI,C,80.0,55.0,1938.0,207.0,372.0,0.556,0.0,1.0,0.0,207.0,371.0,0.558,0.556,123.0,182.0,0.676,244.0,362.0,606.0,106.0,49.0,110.0,82.0,238.0,537.0,0.0,
193.0,Bobby Jackson,35.0,SAC,PG,71.0,10.0,1484.0,193.0,485.0,0.398,60.0,197.0,0.305,133.0,288.0,0.462,0.46,86.0,101.0,0.851,42.0,158.0,200.0,143.0,62.0,4.0,66.0,100.0,532.0,0.0,
194.0,Mike James,33.0,2TM,PG,61.0,50.0,1649.0,197.0,514.0,0.383,69.0,184.0,0.375,128.0,330.0,0.388,0.45,68.0,82.0,0.829,25.0,108.0,133.0,201.0,44.0,6.0,94.0,108.0,531.0,0.0,
194.0,Mike James,33.0,NOH,PG,8.0,0.0,74.0,8.0,25.0,0.32,3.0,4.0,0.75,5.0,21.0,0.238,0.38,1.0,2.0,0.5,1.0,6.0,7.0,8.0,2.0,0.0,3.0,7.0,20.0,0.0,
194.0,Mike James,33.0,WAS,PG,53.0,50.0,1575.0,189.0,489.0,0.387,66.0,180.0,0.367,123.0,309.0,0.398,0.454,67.0,80.0,0.838,24.0,102.0,126.0,193.0,42.0,6.0,91.0,101.0,511.0,0.0,
195.0,Glen Davis,23.0,BOS,C,76.0,16.0,1637.0,199.0,450.0,0.442,2.0,5.0,0.4,197.0,445.0,0.443,0.444,130.0,178.0,0.73,121.0,180.0,301.0,69.0,53.0,19.0,71.0,230.0,530.0,0.0,
196.0,Yi Jianlian,21.0,NJN,PF,61.0,52.0,1421.0,191.0,500.0,0.382,48.0,140.0,0.343,143.0,360.0,0.397,0.43,95.0,123.0,0.772,67.0,259.0,326.0,60.0,29.0,36.0,70.0,157.0,525.0,0.0,
197.0,Samuel Dalembert,27.0,PHI,C,82.0,82.0,2036.0,216.0,434.0,0.498,0.0,2.0,0.0,216.0,432.0,0.5,0.498,91.0,124.0,0.734,214.0,487.0,701.0,18.0,33.0,146.0,117.0,248.0,523.0,0.0,
198.0,Wally Szczerbiak,31.0,CLE,SF,74.0,5.0,1527.0,179.0,398.0,0.45,69.0,168.0,0.411,110.0,230.0,0.478,0.536,90.0,106.0,0.849,43.0,189.0,232.0,82.0,28.0,10.0,55.0,130.0,517.0,0.0,
199.0,Mickaël Piétrus,26.0,ORL,SG,54.0,25.0,1329.0,176.0,426.0,0.413,80.0,223.0,0.359,96.0,203.0,0.473,0.507,78.0,110.0,0.709,44.0,132.0,176.0,65.0,31.0,24.0,56.0,126.0,510.0,0.0,
200.0,Kirk Hinrich,28.0,CHI,SG,51.0,4.0,1339.0,183.0,419.0,0.437,69.0,169.0,0.408,114.0,250.0,0.456,0.519,68.0,86.0,0.791,16.0,107.0,123.0,197.0,66.0,19.0,87.0,126.0,503.0,0.0,6MOY-14
201.0,Anthony Randolph,19.0,GSW,PF,63.0,22.0,1129.0,199.0,431.0,0.462,0.0,4.0,0.0,199.0,427.0,0.466,0.462,101.0,141.0,0.716,128.0,235.0,363.0,49.0,42.0,74.0,80.0,141.0,499.0,0.0,
202.0,Roy Hibbert,22.0,IND,C,70.0,42.0,1009.0,198.0,420.0,0.471,0.0,0.0,,198.0,420.0,0.471,0.471,98.0,147.0,0.667,115.0,128.0,243.0,49.0,20.0,76.0,55.0,215.0,494.0,0.0,
203.0,Steve Novak,25.0,LAC,PF,71.0,3.0,1161.0,176.0,396.0,0.444,119.0,286.0,0.416,57.0,110.0,0.518,0.595,21.0,23.0,0.913,19.0,106.0,125.0,40.0,20.0,5.0,23.0,71.0,492.0,0.0,
204.0,JaVale McGee,21.0,WAS,C,75.0,14.0,1143.0,191.0,387.0,0.494,0.0,0.0,,191.0,387.0,0.494,0.494,107.0,162.0,0.66,120.0,174.0,294.0,23.0,33.0,75.0,61.0,155.0,489.0,0.0,
205.0,Ryan Anderson,20.0,NJN,PF,66.0,30.0,1312.0,160.0,407.0,0.393,69.0,189.0,0.365,91.0,218.0,0.417,0.478,98.0,116.0,0.845,104.0,207.0,311.0,52.0,44.0,20.0,63.0,157.0,487.0,0.0,
206.0,Rodney Carney,24.0,MIN,SG,67.0,6.0,1199.0,176.0,423.0,0.416,79.0,226.0,0.35,97.0,197.0,0.492,0.509,50.0,66.0,0.758,36.0,90.0,126.0,26.0,45.0,29.0,43.0,94.0,481.0,0.0,
207.0,Zaza Pachulia,24.0,ATL,C,77.0,26.0,1473.0,159.0,320.0,0.497,0.0,3.0,0.0,159.0,317.0,0.502,0.497,163.0,230.0,0.709,173.0,263.0,436.0,57.0,35.0,26.0,91.0,208.0,481.0,0.0,
208.0,Monta Ellis,23.0,GSW,SG,25.0,25.0,892.0,194.0,430.0,0.451,8.0,26.0,0.308,186.0,404.0,0.46,0.46,78.0,94.0,0.83,14.0,94.0,108.0,93.0,39.0,8.0,67.0,67.0,474.0,0.0,
209.0,Antoine Wright,24.0,DAL,SF,65.0,53.0,1552.0,179.0,431.0,0.415,45.0,149.0,0.302,134.0,282.0,0.475,0.468,71.0,95.0,0.747,31.0,105.0,136.0,77.0,46.0,27.0,54.0,172.0,474.0,0.0,
210.0,Rasho Nesterović,32.0,IND,C,70.0,19.0,1214.0,224.0,437.0,0.513,0.0,1.0,0.0,224.0,436.0,0.514,0.513,25.0,32.0,0.781,93.0,147.0,240.0,109.0,30.0,38.0,63.0,171.0,473.0,0.0,
211.0,Ronny Turiaf,26.0,GSW,C,79.0,26.0,1696.0,186.0,366.0,0.508,0.0,3.0,0.0,186.0,363.0,0.512,0.508,98.0,124.0,0.79,88.0,272.0,360.0,166.0,34.0,168.0,70.0,243.0,470.0,0.0,DPOY-15
212.0,Sasha Vujačić,24.0,LAL,SG,80.0,0.0,1293.0,155.0,401.0,0.387,81.0,223.0,0.363,74.0,178.0,0.416,0.488,70.0,76.0,0.921,19.0,116.0,135.0,113.0,77.0,7.0,35.0,154.0,461.0,0.0,
213.0,Erick Dampier,33.0,DAL,C,80.0,80.0,1836.0,182.0,280.0,0.65,0.0,0.0,,182.0,280.0,0.65,0.65,90.0,141.0,0.638,216.0,349.0,565.0,77.0,24.0,95.0,74.0,191.0,454.0,0.0,
214.0,Chris Andersen,30.0,DEN,C,71.0,1.0,1460.0,160.0,292.0,0.548,2.0,10.0,0.2,158.0,282.0,0.56,0.551,130.0,181.0,0.718,163.0,279.0,442.0,31.0,41.0,175.0,69.0,174.0,452.0,0.0,"DPOY-9,6MOY-8"
215.0,Jeff Foster,32.0,IND,C,74.0,26.0,1828.0,177.0,353.0,0.501,2.0,7.0,0.286,175.0,346.0,0.506,0.504,96.0,146.0,0.658,215.0,293.0,508.0,130.0,53.0,49.0,88.0,229.0,452.0,0.0,
216.0,Jason Maxiell,25.0,DET,C,78.0,4.0,1408.0,184.0,320.0,0.575,0.0,1.0,0.0,184.0,319.0,0.577,0.575,84.0,158.0,0.532,169.0,155.0,324.0,24.0,25.0,63.0,45.0,157.0,452.0,0.0,
217.0,Joel Przybilla,29.0,POR,C,82.0,43.0,1952.0,168.0,269.0,0.625,0.0,1.0,0.0,168.0,268.0,0.627,0.625,112.0,169.0,0.663,204.0,513.0,717.0,27.0,34.0,97.0,78.0,215.0,448.0,0.0,DPOY-16
218.0,Earl Watson,29.0,OKC,PG,68.0,18.0,1776.0,174.0,453.0,0.384,20.0,85.0,0.235,154.0,368.0,0.418,0.406,80.0,106.0,0.755,36.0,147.0,183.0,391.0,50.0,11.0,156.0,137.0,448.0,0.0,
219.0,Chris Wilcox,26.0,2TM,C,62.0,6.0,1049.0,184.0,370.0,0.497,0.0,4.0,0.0,184.0,366.0,0.503,0.497,79.0,140.0,0.564,96.0,181.0,277.0,47.0,26.0,16.0,75.0,137.0,447.0,0.0,
219.0,Chris Wilcox,26.0,OKC,C,37.0,6.0,719.0,130.0,268.0,0.485,0.0,3.0,0.0,130.0,265.0,0.491,0.485,52.0,87.0,0.598,65.0,130.0,195.0,33.0,18.0,11.0,55.0,89.0,312.0,0.0,
219.0,Chris Wilcox,26.0,NYK,C,25.0,0.0,330.0,54.0,102.0,0.529,0.0,1.0,0.0,54.0,101.0,0.535,0.529,27.0,53.0,0.509,31.0,51.0,82.0,14.0,8.0,5.0,20.0,48.0,135.0,0.0,
220.0,Nenad Krstić,25.0,OKC,C,46.0,29.0,1141.0,191.0,407.0,0.469,0.0,0.0,,191.0,407.0,0.469,0.469,63.0,79.0,0.797,85.0,168.0,253.0,29.0,21.0,49.0,45.0,114.0,445.0,0.0,
221.0,George Hill,22.0,SAS,PG,77.0,7.0,1270.0,150.0,372.0,0.403,24.0,73.0,0.329,126.0,299.0,0.421,0.435,114.0,146.0,0.781,30.0,128.0,158.0,136.0,45.0,21.0,74.0,150.0,438.0,0.0,
222.0,Shane Battier,30.0,HOU,SG,60.0,59.0,2031.0,145.0,354.0,0.41,91.0,237.0,0.384,54.0,117.0,0.462,0.538,55.0,67.0,0.821,52.0,233.0,285.0,137.0,48.0,54.0,49.0,114.0,436.0,0.0,DPOY-4
223.0,Dahntay Jones,28.0,DEN,SG,79.0,71.0,1426.0,154.0,336.0,0.458,11.0,17.0,0.647,143.0,319.0,0.448,0.475,110.0,151.0,0.728,58.0,110.0,168.0,78.0,49.0,19.0,68.0,199.0,429.0,0.0,
224.0,Nicolas Batum,20.0,POR,SF,79.0,76.0,1454.0,161.0,361.0,0.446,62.0,168.0,0.369,99.0,193.0,0.513,0.532,42.0,52.0,0.808,84.0,136.0,220.0,74.0,50.0,40.0,50.0,139.0,426.0,0.0,ROY-13
225.0,Darrell Arthur,20.0,MEM,PF,76.0,64.0,1464.0,191.0,436.0,0.438,0.0,2.0,0.0,191.0,434.0,0.44,0.438,40.0,60.0,0.667,108.0,238.0,346.0,43.0,52.0,52.0,47.0,206.0,422.0,0.0,
226.0,Andrew Bogut,24.0,MIL,C,36.0,33.0,1124.0,183.0,317.0,0.577,0.0,0.0,,183.0,317.0,0.577,0.577,56.0,98.0,0.571,117.0,252.0,369.0,72.0,23.0,37.0,86.0,130.0,422.0,0.0,
227.0,Anthony Johnson,34.0,ORL,PG,80.0,12.0,1481.0,154.0,381.0,0.404,52.0,133.0,0.391,102.0,248.0,0.411,0.472,61.0,81.0,0.753,29.0,118.0,147.0,200.0,46.0,5.0,82.0,111.0,421.0,0.0,
228.0,Jordan Farmar,22.0,LAL,PG,65.0,0.0,1192.0,161.0,412.0,0.391,49.0,146.0,0.336,112.0,266.0,0.421,0.45,45.0,77.0,0.584,22.0,95.0,117.0,155.0,57.0,10.0,87.0,105.0,416.0,0.0,
229.0,Anthony Carter,33.0,DEN,PG,78.0,5.0,1787.0,167.0,386.0,0.433,21.0,88.0,0.239,146.0,298.0,0.49,0.46,57.0,78.0,0.731,40.0,165.0,205.0,364.0,96.0,13.0,155.0,142.0,412.0,0.0,
230.0,Will Bynum,26.0,DET,PG,57.0,1.0,803.0,156.0,342.0,0.456,3.0,19.0,0.158,153.0,323.0,0.474,0.461,95.0,119.0,0.798,19.0,56.0,75.0,157.0,34.0,2.0,76.0,85.0,410.0,0.0,
231.0,Elton Brand,29.0,PHI,PF,29.0,23.0,920.0,163.0,365.0,0.447,0.0,0.0,,163.0,365.0,0.447,0.447,73.0,108.0,0.676,77.0,177.0,254.0,37.0,17.0,45.0,68.0,78.0,399.0,0.0,
232.0,Tyson Chandler,26.0,NOH,C,45.0,45.0,1445.0,160.0,283.0,0.565,0.0,0.0,,160.0,283.0,0.565,0.565,77.0,133.0,0.579,163.0,230.0,393.0,22.0,15.0,56.0,70.0,144.0,397.0,0.0,
233.0,Thabo Sefolosha,24.0,2TM,SF,66.0,36.0,1453.0,152.0,357.0,0.426,24.0,87.0,0.276,128.0,270.0,0.474,0.459,61.0,73.0,0.836,54.0,188.0,242.0,111.0,75.0,45.0,64.0,104.0,389.0,0.0,
233.0,Thabo Sefolosha,24.0,CHI,SF,43.0,14.0,735.0,79.0,182.0,0.434,15.0,50.0,0.3,64.0,132.0,0.485,0.475,21.0,25.0,0.84,26.0,97.0,123.0,65.0,35.0,19.0,37.0,50.0,194.0,0.0,
233.0,Thabo Sefolosha,24.0,OKC,SG,23.0,22.0,718.0,73.0,175.0,0.417,9.0,37.0,0.243,64.0,138.0,0.464,0.443,40.0,48.0,0.833,28.0,91.0,119.0,46.0,40.0,26.0,27.0,54.0,195.0,0.0,
234.0,JJ Redick,24.0,ORL,SG,64.0,5.0,1111.0,117.0,299.0,0.391,67.0,179.0,0.374,50.0,120.0,0.417,0.503,81.0,93.0,0.871,8.0,101.0,109.0,73.0,21.0,1.0,54.0,72.0,382.0,0.0,
235.0,Fred Jones,29.0,LAC,SF,52.0,21.0,1495.0,129.0,317.0,0.407,54.0,147.0,0.367,75.0,170.0,0.441,0.492,66.0,81.0,0.815,23.0,103.0,126.0,188.0,53.0,11.0,66.0,112.0,378.0,0.0,
236.0,Joe Smith,33.0,2TM,C,57.0,3.0,1102.0,156.0,333.0,0.468,3.0,7.0,0.429,153.0,326.0,0.469,0.473,59.0,82.0,0.72,89.0,174.0,263.0,41.0,17.0,40.0,25.0,122.0,374.0,0.0,
236.0,Joe Smith,33.0,OKC,C,36.0,3.0,691.0,99.0,218.0,0.454,2.0,4.0,0.5,97.0,214.0,0.453,0.459,38.0,54.0,0.704,53.0,110.0,163.0,25.0,10.0,26.0,15.0,72.0,238.0,0.0,
236.0,Joe Smith,33.0,CLE,C,21.0,0.0,411.0,57.0,115.0,0.496,1.0,3.0,0.333,56.0,112.0,0.5,0.5,21.0,28.0,0.75,36.0,64.0,100.0,16.0,7.0,14.0,10.0,50.0,136.0,0.0,
237.0,Chris Kaman,26.0,LAC,C,31.0,24.0,921.0,161.0,305.0,0.528,0.0,0.0,,161.0,305.0,0.528,0.528,51.0,75.0,0.68,75.0,172.0,247.0,46.0,17.0,45.0,84.0,93.0,373.0,0.0,
238.0,Tony Battie,32.0,ORL,PF,77.0,3.0,1202.0,158.0,323.0,0.489,2.0,9.0,0.222,156.0,314.0,0.497,0.492,54.0,82.0,0.659,92.0,186.0,278.0,31.0,26.0,25.0,46.0,112.0,372.0,0.0,
239.0,Marco Belinelli,22.0,GSW,SG,42.0,23.0,882.0,140.0,317.0,0.442,52.0,131.0,0.397,88.0,186.0,0.473,0.524,40.0,52.0,0.769,10.0,61.0,71.0,88.0,36.0,1.0,59.0,73.0,372.0,0.0,
240.0,Jared Dudley,23.0,2TM,SF,68.0,7.0,1155.0,136.0,285.0,0.477,29.0,74.0,0.392,107.0,211.0,0.507,0.528,71.0,105.0,0.676,82.0,123.0,205.0,56.0,57.0,8.0,43.0,105.0,372.0,0.0,
240.0,Jared Dudley,23.0,CHA,SF,20.0,7.0,427.0,45.0,96.0,0.469,3.0,8.0,0.375,42.0,88.0,0.477,0.484,15.0,24.0,0.625,25.0,34.0,59.0,19.0,18.0,2.0,10.0,40.0,108.0,0.0,
240.0,Jared Dudley,23.0,PHO,SF,48.0,0.0,728.0,91.0,189.0,0.481,26.0,66.0,0.394,65.0,123.0,0.528,0.55,56.0,81.0,0.691,57.0,89.0,146.0,37.0,39.0,6.0,33.0,65.0,264.0,0.0,
241.0,Keith Bogans,28.0,2TM,SG,65.0,15.0,1272.0,119.0,324.0,0.367,74.0,218.0,0.339,45.0,106.0,0.425,0.481,52.0,57.0,0.912,31.0,171.0,202.0,64.0,43.0,4.0,41.0,105.0,364.0,0.0,
241.0,Keith Bogans,28.0,ORL,SG,36.0,15.0,787.0,63.0,175.0,0.36,42.0,126.0,0.333,21.0,49.0,0.429,0.48,21.0,24.0,0.875,15.0,96.0,111.0,31.0,23.0,2.0,19.0,61.0,189.0,0.0,
241.0,Keith Bogans,28.0,MIL,SG,29.0,0.0,485.0,56.0,149.0,0.376,32.0,92.0,0.348,24.0,57.0,0.421,0.483,31.0,33.0,0.939,16.0,75.0,91.0,33.0,20.0,2.0,22.0,44.0,175.0,0.0,
242.0,Arron Afflalo,23.0,DET,SG,74.0,8.0,1234.0,131.0,300.0,0.437,43.0,107.0,0.402,88.0,193.0,0.456,0.508,58.0,71.0,0.817,30.0,104.0,134.0,44.0,28.0,13.0,43.0,144.0,363.0,0.0,
243.0,Bobby Brown,24.0,2TM,PG,68.0,2.0,931.0,141.0,360.0,0.392,45.0,130.0,0.346,96.0,230.0,0.417,0.454,34.0,43.0,0.791,14.0,38.0,52.0,117.0,21.0,3.0,63.0,95.0,361.0,0.0,
243.0,Bobby Brown,24.0,SAC,SG,47.0,1.0,675.0,94.0,247.0,0.381,31.0,94.0,0.33,63.0,153.0,0.412,0.443,26.0,34.0,0.765,8.0,28.0,36.0,87.0,15.0,1.0,47.0,74.0,245.0,0.0,
243.0,Bobby Brown,24.0,MIN,PG,21.0,1.0,256.0,47.0,113.0,0.416,14.0,36.0,0.389,33.0,77.0,0.429,0.478,8.0,9.0,0.889,6.0,10.0,16.0,30.0,6.0,2.0,16.0,21.0,116.0,0.0,
244.0,Tony Allen,27.0,BOS,SG,46.0,2.0,887.0,137.0,284.0,0.482,6.0,27.0,0.222,131.0,257.0,0.51,0.493,79.0,109.0,0.725,22.0,82.0,104.0,66.0,54.0,23.0,77.0,98.0,359.0,0.0,
245.0,Dominic McGuire,23.0,WAS,SF,79.0,57.0,2072.0,140.0,324.0,0.432,2.0,4.0,0.5,138.0,320.0,0.431,0.435,74.0,102.0,0.725,113.0,315.0,428.0,198.0,62.0,74.0,92.0,153.0,356.0,0.0,
246.0,Sergio Rodríguez,22.0,POR,PG,80.0,13.0,1225.0,129.0,329.0,0.392,37.0,114.0,0.325,92.0,215.0,0.428,0.448,61.0,77.0,0.792,43.0,87.0,130.0,286.0,54.0,2.0,119.0,133.0,356.0,0.0,
247.0,Kurt Thomas,36.0,SAS,PF,79.0,10.0,1404.0,153.0,304.0,0.503,0.0,2.0,0.0,153.0,302.0,0.507,0.503,37.0,45.0,0.822,134.0,271.0,405.0,66.0,34.0,58.0,42.0,170.0,343.0,0.0,
248.0,Chris Quinn,25.0,MIA,PG,66.0,0.0,962.0,118.0,289.0,0.408,56.0,137.0,0.409,62.0,152.0,0.408,0.505,47.0,58.0,0.81,8.0,67.0,75.0,132.0,24.0,2.0,33.0,79.0,339.0,0.0,
249.0,Hilton Armstrong,24.0,NOH,C,70.0,29.0,1092.0,138.0,246.0,0.561,0.0,2.0,0.0,138.0,244.0,0.566,0.561,62.0,98.0,0.633,81.0,114.0,195.0,29.0,26.0,45.0,80.0,181.0,338.0,0.0,
250.0,Darko Miličić,23.0,MEM,C,61.0,15.0,1034.0,137.0,266.0,0.515,0.0,0.0,,137.0,266.0,0.515,0.515,59.0,105.0,0.562,83.0,181.0,264.0,34.0,22.0,51.0,48.0,134.0,333.0,0.0,
251.0,Devin Brown,30.0,NOH,SG,63.0,5.0,869.0,111.0,313.0,0.355,28.0,97.0,0.289,83.0,216.0,0.384,0.399,78.0,100.0,0.78,31.0,88.0,119.0,54.0,32.0,5.0,54.0,81.0,328.0,0.0,
252.0,Luke Walton,28.0,LAL,SF,65.0,34.0,1166.0,134.0,307.0,0.436,17.0,57.0,0.298,117.0,250.0,0.468,0.464,41.0,57.0,0.719,55.0,125.0,180.0,177.0,32.0,10.0,69.0,105.0,326.0,0.0,
253.0,Brandan Wright,21.0,GSW,PF,39.0,23.0,688.0,130.0,246.0,0.528,0.0,4.0,0.0,130.0,242.0,0.537,0.528,63.0,85.0,0.741,62.0,95.0,157.0,21.0,22.0,37.0,23.0,74.0,323.0,0.0,
254.0,Lou Amundson,26.0,PHO,PF,76.0,0.0,1044.0,134.0,250.0,0.536,0.0,1.0,0.0,134.0,249.0,0.538,0.536,53.0,120.0,0.442,128.0,142.0,270.0,28.0,32.0,65.0,56.0,154.0,321.0,0.0,
255.0,Javaris Crittenton,21.0,2TM,SG,63.0,10.0,1174.0,131.0,285.0,0.46,2.0,15.0,0.133,129.0,270.0,0.478,0.463,53.0,92.0,0.576,57.0,109.0,166.0,150.0,40.0,6.0,82.0,101.0,317.0,0.0,
255.0,Javaris Crittenton,21.0,MEM,SG,7.0,0.0,44.0,7.0,15.0,0.467,0.0,1.0,0.0,7.0,14.0,0.5,0.467,5.0,11.0,0.455,4.0,2.0,6.0,5.0,1.0,0.0,3.0,5.0,19.0,0.0,
255.0,Javaris Crittenton,21.0,WAS,PG,56.0,10.0,1130.0,124.0,270.0,0.459,2.0,14.0,0.143,122.0,256.0,0.477,0.463,48.0,81.0,0.593,53.0,107.0,160.0,145.0,39.0,6.0,79.0,96.0,298.0,0.0,
256.0,James Singleton,27.0,DAL,PF,62.0,6.0,884.0,117.0,221.0,0.529,13.0,40.0,0.325,104.0,181.0,0.575,0.559,67.0,78.0,0.859,89.0,161.0,250.0,17.0,26.0,28.0,36.0,110.0,314.0,0.0,
257.0,Sasha Pavlović,25.0,CLE,SF,66.0,12.0,1053.0,116.0,275.0,0.422,48.0,117.0,0.41,68.0,158.0,0.43,0.509,25.0,54.0,0.463,31.0,96.0,127.0,72.0,22.0,16.0,48.0,122.0,305.0,0.0,
258.0,Roko Ukić,24.0,TOR,PG,72.0,0.0,890.0,123.0,324.0,0.38,11.0,62.0,0.177,112.0,262.0,0.427,0.397,44.0,60.0,0.733,27.0,48.0,75.0,153.0,30.0,2.0,60.0,77.0,301.0,0.0,
259.0,Antonio Daniels,33.0,2TM,PG,74.0,9.0,1021.0,99.0,236.0,0.419,22.0,60.0,0.367,77.0,176.0,0.438,0.466,80.0,100.0,0.8,5.0,72.0,77.0,177.0,26.0,1.0,62.0,55.0,300.0,0.0,
259.0,Antonio Daniels,33.0,WAS,PG,13.0,5.0,288.0,18.0,45.0,0.4,5.0,11.0,0.455,13.0,34.0,0.382,0.456,25.0,33.0,0.758,0.0,22.0,22.0,47.0,7.0,0.0,13.0,14.0,66.0,0.0,
259.0,Antonio Daniels,33.0,NOH,PG,61.0,4.0,733.0,81.0,191.0,0.424,17.0,49.0,0.347,64.0,142.0,0.451,0.469,55.0,67.0,0.821,5.0,50.0,55.0,130.0,19.0,1.0,49.0,41.0,234.0,0.0,
260.0,Kyle Weaver,22.0,OKC,SG,56.0,19.0,1166.0,113.0,246.0,0.459,32.0,93.0,0.344,81.0,153.0,0.529,0.524,41.0,58.0,0.707,31.0,99.0,130.0,101.0,47.0,25.0,69.0,81.0,299.0,0.0,
261.0,Jared Jeffries,27.0,NYK,SF,56.0,36.0,1310.0,120.0,273.0,0.44,1.0,12.0,0.083,119.0,261.0,0.456,0.441,55.0,90.0,0.611,128.0,103.0,231.0,80.0,47.0,33.0,65.0,153.0,296.0,0.0,
262.0,Desmond Mason,31.0,OKC,SG,39.0,19.0,1064.0,124.0,285.0,0.435,0.0,3.0,0.0,124.0,282.0,0.44,0.435,46.0,85.0,0.541,41.0,116.0,157.0,46.0,15.0,30.0,56.0,96.0,294.0,0.0,
263.0,Mike Taylor,23.0,LAC,PG,51.0,5.0,771.0,110.0,267.0,0.412,13.0,40.0,0.325,97.0,227.0,0.427,0.436,56.0,81.0,0.691,22.0,65.0,87.0,106.0,36.0,0.0,73.0,84.0,289.0,0.0,
264.0,Ime Udoka,31.0,SAS,SF,67.0,3.0,1035.0,110.0,287.0,0.383,41.0,125.0,0.328,69.0,162.0,0.426,0.455,28.0,46.0,0.609,28.0,159.0,187.0,54.0,36.0,12.0,38.0,86.0,289.0,0.0,
265.0,Stephen Graham,26.0,IND,SG,52.0,6.0,684.0,106.0,256.0,0.414,20.0,66.0,0.303,86.0,190.0,0.453,0.453,50.0,62.0,0.806,21.0,75.0,96.0,33.0,10.0,4.0,45.0,82.0,282.0,0.0,
266.0,Joe Alexander,22.0,MIL,SF,59.0,0.0,716.0,102.0,245.0,0.416,16.0,46.0,0.348,86.0,199.0,0.432,0.449,58.0,83.0,0.699,44.0,71.0,115.0,42.0,15.0,29.0,52.0,107.0,278.0,0.0,
267.0,Matt Harpring,32.0,UTA,SG,63.0,2.0,693.0,111.0,241.0,0.461,0.0,2.0,0.0,111.0,239.0,0.464,0.461,55.0,72.0,0.764,47.0,76.0,123.0,28.0,29.0,9.0,29.0,102.0,277.0,0.0,
268.0,Mikki Moore,33.0,2TM,C,70.0,20.0,1202.0,114.0,206.0,0.553,0.0,0.0,,114.0,206.0,0.553,0.553,48.0,61.0,0.787,76.0,182.0,258.0,53.0,17.0,19.0,48.0,208.0,276.0,0.0,
268.0,Mikki Moore,33.0,SAC,PF,46.0,20.0,746.0,63.0,121.0,0.521,0.0,0.0,,63.0,121.0,0.521,0.521,34.0,42.0,0.81,45.0,107.0,152.0,28.0,13.0,14.0,27.0,112.0,160.0,0.0,
268.0,Mikki Moore,33.0,BOS,C,24.0,0.0,456.0,51.0,85.0,0.6,0.0,0.0,,51.0,85.0,0.6,0.6,14.0,19.0,0.737,31.0,75.0,106.0,25.0,4.0,5.0,21.0,96.0,116.0,0.0,
269.0,Mike Dunleavy,28.0,IND,SG,18.0,14.0,495.0,93.0,232.0,0.401,32.0,90.0,0.356,61.0,142.0,0.43,0.47,53.0,65.0,0.815,14.0,54.0,68.0,44.0,12.0,9.0,38.0,36.0,271.0,0.0,
270.0,Dan Gadzuric,30.0,MIL,C,67.0,26.0,941.0,117.0,244.0,0.48,0.0,2.0,0.0,117.0,242.0,0.483,0.48,37.0,68.0,0.544,95.0,160.0,255.0,39.0,32.0,43.0,41.0,162.0,271.0,0.0,
271.0,Quinton Ross,27.0,MEM,SF,68.0,7.0,1164.0,99.0,259.0,0.382,33.0,88.0,0.375,66.0,171.0,0.386,0.446,34.0,42.0,0.81,29.0,97.0,126.0,47.0,32.0,14.0,36.0,114.0,265.0,0.0,
272.0,Renaldo Balkman,24.0,DEN,PF,53.0,10.0,780.0,110.0,197.0,0.558,2.0,7.0,0.286,108.0,190.0,0.568,0.563,42.0,65.0,0.646,86.0,117.0,203.0,34.0,47.0,23.0,35.0,98.0,264.0,0.0,
273.0,Channing Frye,25.0,POR,PF,63.0,1.0,746.0,113.0,267.0,0.423,11.0,33.0,0.333,102.0,234.0,0.436,0.444,26.0,36.0,0.722,41.0,99.0,140.0,24.0,17.0,16.0,29.0,106.0,263.0,0.0,
274.0,Will Solomon,30.0,2TM,PG,53.0,9.0,712.0,105.0,245.0,0.429,28.0,86.0,0.326,77.0,159.0,0.484,0.486,25.0,34.0,0.735,12.0,52.0,64.0,133.0,27.0,4.0,54.0,71.0,263.0,0.0,
274.0,Will Solomon,30.0,TOR,PG,39.0,9.0,544.0,79.0,181.0,0.436,15.0,57.0,0.263,64.0,124.0,0.516,0.478,20.0,24.0,0.833,9.0,34.0,43.0,123.0,20.0,4.0,49.0,60.0,193.0,0.0,
274.0,Will Solomon,30.0,SAC,PG,14.0,0.0,168.0,26.0,64.0,0.406,13.0,29.0,0.448,13.0,35.0,0.371,0.508,5.0,10.0,0.5,3.0,18.0,21.0,10.0,7.0,0.0,5.0,11.0,70.0,0.0,
275.0,Reggie Evans,28.0,PHI,PF,79.0,7.0,1137.0,79.0,178.0,0.444,0.0,1.0,0.0,79.0,177.0,0.446,0.444,104.0,175.0,0.594,135.0,226.0,361.0,26.0,41.0,8.0,69.0,161.0,262.0,0.0,
276.0,Juan Dixon,30.0,WAS,PG,50.0,6.0,816.0,101.0,256.0,0.395,25.0,75.0,0.333,76.0,181.0,0.42,0.443,34.0,39.0,0.872,8.0,59.0,67.0,118.0,35.0,6.0,70.0,74.0,261.0,0.0,
277.0,Josh Boone,24.0,NJN,C,62.0,7.0,995.0,113.0,214.0,0.528,0.0,0.0,,113.0,214.0,0.528,0.528,32.0,85.0,0.376,104.0,154.0,258.0,31.0,22.0,48.0,31.0,106.0,258.0,0.0,
278.0,Mardy Collins,24.0,2TM,PG,48.0,14.0,890.0,105.0,247.0,0.425,13.0,31.0,0.419,92.0,216.0,0.426,0.451,28.0,46.0,0.609,31.0,76.0,107.0,111.0,31.0,10.0,58.0,80.0,251.0,0.0,
278.0,Mardy Collins,24.0,NYK,SG,9.0,0.0,75.0,8.0,23.0,0.348,0.0,3.0,0.0,8.0,20.0,0.4,0.348,4.0,9.0,0.444,2.0,6.0,8.0,10.0,2.0,0.0,5.0,7.0,20.0,0.0,
278.0,Mardy Collins,24.0,LAC,PG,39.0,14.0,815.0,97.0,224.0,0.433,13.0,28.0,0.464,84.0,196.0,0.429,0.462,24.0,37.0,0.649,29.0,70.0,99.0,101.0,29.0,10.0,53.0,73.0,231.0,0.0,
279.0,Josh Powell,26.0,LAL,PF,60.0,1.0,703.0,106.0,239.0,0.444,0.0,0.0,,106.0,239.0,0.444,0.444,38.0,50.0,0.76,71.0,105.0,176.0,27.0,9.0,17.0,51.0,98.0,250.0,0.0,
280.0,Goran Dragić,22.0,PHO,PG,55.0,1.0,728.0,88.0,224.0,0.393,20.0,54.0,0.37,68.0,170.0,0.4,0.438,50.0,65.0,0.769,33.0,70.0,103.0,111.0,29.0,3.0,73.0,87.0,246.0,0.0,
281.0,J.J. Hickson,20.0,CLE,C,62.0,0.0,705.0,100.0,194.0,0.515,0.0,0.0,,100.0,194.0,0.515,0.515,45.0,67.0,0.672,52.0,113.0,165.0,9.0,14.0,30.0,45.0,81.0,245.0,0.0,
282.0,Kwame Brown,26.0,DET,C,58.0,30.0,999.0,90.0,169.0,0.533,0.0,0.0,,90.0,169.0,0.533,0.533,63.0,122.0,0.516,91.0,199.0,290.0,32.0,24.0,24.0,50.0,138.0,243.0,0.0,
283.0,Marcin Gortat,24.0,ORL,PF,63.0,3.0,794.0,106.0,187.0,0.567,1.0,1.0,1.0,105.0,186.0,0.565,0.57,26.0,45.0,0.578,96.0,190.0,286.0,14.0,18.0,53.0,25.0,111.0,239.0,0.0,
284.0,Julian Wright,21.0,NOH,SF,54.0,19.0,772.0,109.0,234.0,0.466,2.0,21.0,0.095,107.0,213.0,0.502,0.47,17.0,30.0,0.567,46.0,106.0,152.0,43.0,35.0,19.0,43.0,49.0,237.0,0.0,
285.0,Ricky Davis,29.0,LAC,SG,36.0,9.0,785.0,83.0,245.0,0.339,35.0,111.0,0.315,48.0,134.0,0.358,0.41,31.0,36.0,0.861,9.0,51.0,60.0,82.0,19.0,5.0,39.0,63.0,232.0,0.0,
286.0,Jerryd Bayless,20.0,POR,PG,53.0,0.0,655.0,69.0,189.0,0.365,7.0,27.0,0.259,62.0,162.0,0.383,0.384,83.0,103.0,0.806,8.0,49.0,57.0,78.0,16.0,2.0,56.0,81.0,228.0,0.0,
287.0,DeAndre Jordan,20.0,LAC,C,53.0,13.0,771.0,93.0,147.0,0.633,0.0,0.0,,93.0,147.0,0.633,0.633,42.0,109.0,0.385,72.0,165.0,237.0,11.0,11.0,59.0,41.0,96.0,228.0,0.0,
288.0,Walter Herrmann,29.0,DET,SF,59.0,0.0,630.0,82.0,207.0,0.396,41.0,120.0,0.342,41.0,87.0,0.471,0.495,19.0,25.0,0.76,28.0,79.0,107.0,22.0,7.0,4.0,17.0,43.0,224.0,0.0,
289.0,Kosta Koufos,19.0,UTA,C,48.0,7.0,565.0,94.0,185.0,0.508,0.0,0.0,,94.0,185.0,0.508,0.508,36.0,51.0,0.706,50.0,88.0,138.0,20.0,12.0,31.0,26.0,70.0,224.0,0.0,
290.0,Damien Wilkins,29.0,OKC,SG,41.0,14.0,636.0,77.0,213.0,0.362,27.0,72.0,0.375,50.0,141.0,0.355,0.425,37.0,46.0,0.804,20.0,50.0,70.0,37.0,22.0,7.0,37.0,55.0,218.0,0.0,
291.0,Amir Johnson,21.0,DET,PF,62.0,24.0,911.0,97.0,163.0,0.595,0.0,0.0,,97.0,163.0,0.595,0.595,23.0,35.0,0.657,102.0,130.0,232.0,20.0,20.0,60.0,33.0,171.0,217.0,0.0,
292.0,Chris Douglas-Roberts,22.0,NJN,SG,44.0,3.0,585.0,81.0,176.0,0.46,3.0,12.0,0.25,78.0,164.0,0.476,0.469,51.0,62.0,0.823,14.0,36.0,50.0,52.0,12.0,7.0,31.0,34.0,216.0,0.0,
293.0,Bruce Bowen,37.0,SAS,SF,80.0,10.0,1506.0,79.0,187.0,0.422,42.0,98.0,0.429,37.0,89.0,0.416,0.535,14.0,26.0,0.538,16.0,129.0,145.0,40.0,36.0,13.0,25.0,123.0,214.0,0.0,
294.0,Brian Skinner,32.0,LAC,PF,51.0,21.0,843.0,92.0,205.0,0.449,0.0,2.0,0.0,92.0,203.0,0.453,0.449,30.0,47.0,0.638,72.0,131.0,203.0,27.0,17.0,52.0,43.0,94.0,214.0,0.0,
295.0,Yakhouba Diawara,26.0,MIA,SF,63.0,21.0,851.0,76.0,217.0,0.35,51.0,163.0,0.313,25.0,54.0,0.463,0.468,10.0,19.0,0.526,26.0,56.0,82.0,27.0,13.0,6.0,16.0,75.0,213.0,0.0,
296.0,Royal Ivey,27.0,PHI,SG,71.0,0.0,861.0,69.0,208.0,0.332,39.0,114.0,0.342,30.0,94.0,0.319,0.425,34.0,43.0,0.791,19.0,57.0,76.0,43.0,36.0,7.0,23.0,76.0,211.0,0.0,
297.0,DeShawn Stevenson,27.0,WAS,SG,32.0,25.0,886.0,72.0,231.0,0.312,35.0,129.0,0.271,37.0,102.0,0.363,0.387,32.0,60.0,0.533,11.0,65.0,76.0,98.0,21.0,2.0,32.0,43.0,211.0,0.0,
298.0,Donté Greene,20.0,SAC,SF,55.0,4.0,725.0,77.0,236.0,0.326,26.0,100.0,0.26,51.0,136.0,0.375,0.381,29.0,34.0,0.853,19.0,67.0,86.0,30.0,16.0,14.0,37.0,68.0,209.0,0.0,
299.0,Adam Morrison,24.0,2TM,SF,52.0,5.0,711.0,80.0,223.0,0.359,32.0,96.0,0.333,48.0,127.0,0.378,0.43,17.0,23.0,0.739,18.0,62.0,80.0,41.0,9.0,4.0,32.0,77.0,209.0,0.0,
299.0,Adam Morrison,24.0,CHA,SF,44.0,5.0,667.0,76.0,211.0,0.36,31.0,92.0,0.337,45.0,119.0,0.378,0.434,16.0,21.0,0.762,16.0,56.0,72.0,38.0,9.0,4.0,29.0,73.0,199.0,0.0,
299.0,Adam Morrison,24.0,LAL,SF,8.0,0.0,44.0,4.0,12.0,0.333,1.0,4.0,0.25,3.0,8.0,0.375,0.375,1.0,2.0,0.5,2.0,6.0,8.0,3.0,0.0,0.0,3.0,4.0,10.0,0.0,
300.0,Brent Barry,37.0,HOU,SG,56.0,1.0,857.0,70.0,172.0,0.407,49.0,131.0,0.374,21.0,41.0,0.512,0.549,19.0,20.0,0.95,17.0,77.0,94.0,78.0,24.0,3.0,48.0,45.0,208.0,0.0,
301.0,Ronnie Price,25.0,UTA,PG,52.0,17.0,738.0,77.0,203.0,0.379,19.0,61.0,0.311,58.0,142.0,0.408,0.426,34.0,45.0,0.756,12.0,57.0,69.0,108.0,39.0,5.0,61.0,74.0,207.0,0.0,
302.0,Travis Diener,26.0,IND,PG,55.0,0.0,719.0,74.0,179.0,0.413,46.0,118.0,0.39,28.0,61.0,0.459,0.542,12.0,15.0,0.8,6.0,80.0,86.0,122.0,26.0,5.0,21.0,42.0,206.0,0.0,
303.0,Kevin Ollie,36.0,MIN,PG,50.0,21.0,850.0,61.0,150.0,0.407,0.0,1.0,0.0,61.0,149.0,0.409,0.407,80.0,96.0,0.833,13.0,62.0,75.0,117.0,19.0,4.0,34.0,79.0,202.0,0.0,
304.0,Shannon Brown,23.0,2TM,SG,48.0,0.0,477.0,78.0,165.0,0.473,14.0,37.0,0.378,64.0,128.0,0.5,0.515,32.0,39.0,0.821,11.0,33.0,44.0,38.0,22.0,7.0,38.0,42.0,202.0,0.0,
304.0,Shannon Brown,23.0,CHA,SG,30.0,0.0,341.0,56.0,123.0,0.455,8.0,28.0,0.286,48.0,95.0,0.505,0.488,24.0,30.0,0.8,8.0,16.0,24.0,28.0,18.0,5.0,29.0,33.0,144.0,0.0,
304.0,Shannon Brown,23.0,LAL,SG,18.0,0.0,136.0,22.0,42.0,0.524,6.0,9.0,0.667,16.0,33.0,0.485,0.595,8.0,9.0,0.889,3.0,17.0,20.0,10.0,4.0,2.0,9.0,9.0,58.0,0.0,
305.0,Francisco Elson,32.0,MIL,C,59.0,23.0,977.0,83.0,169.0,0.491,1.0,4.0,0.25,82.0,165.0,0.497,0.494,33.0,39.0,0.846,100.0,129.0,229.0,32.0,36.0,36.0,48.0,144.0,200.0,0.0,
306.0,Gerald Green,23.0,DAL,SG,38.0,12.0,376.0,79.0,180.0,0.439,14.0,46.0,0.304,65.0,134.0,0.485,0.478,27.0,32.0,0.844,14.0,40.0,54.0,15.0,10.0,5.0,33.0,51.0,199.0,0.0,
307.0,Aaron Gray,24.0,CHI,C,56.0,18.0,715.0,81.0,167.0,0.485,0.0,1.0,0.0,81.0,166.0,0.488,0.485,34.0,59.0,0.576,84.0,136.0,220.0,46.0,14.0,18.0,40.0,135.0,196.0,0.0,
308.0,Trenton Hassell,29.0,NJN,SF,53.0,31.0,1094.0,86.0,191.0,0.45,2.0,8.0,0.25,84.0,183.0,0.459,0.455,20.0,25.0,0.8,50.0,96.0,146.0,51.0,21.0,16.0,30.0,92.0,194.0,0.0,
309.0,Sean Marks,33.0,NOH,C,60.0,5.0,838.0,80.0,165.0,0.485,2.0,10.0,0.2,78.0,155.0,0.503,0.491,30.0,44.0,0.682,62.0,125.0,187.0,14.0,7.0,33.0,35.0,121.0,192.0,0.0,
310.0,Morris Peterson,31.0,NOH,SG,43.0,9.0,515.0,73.0,183.0,0.399,33.0,85.0,0.388,40.0,98.0,0.408,0.489,12.0,19.0,0.632,13.0,71.0,84.0,16.0,15.0,2.0,15.0,51.0,191.0,0.0,
311.0,Brian Cardinal,31.0,MIN,PF,64.0,4.0,909.0,65.0,169.0,0.385,30.0,92.0,0.326,35.0,77.0,0.455,0.473,30.0,35.0,0.857,39.0,103.0,142.0,76.0,37.0,13.0,48.0,135.0,190.0,0.0,
312.0,Robin Lopez,20.0,PHO,C,60.0,7.0,614.0,71.0,137.0,0.518,0.0,1.0,0.0,71.0,136.0,0.522,0.518,47.0,68.0,0.691,52.0,66.0,118.0,8.0,11.0,41.0,28.0,97.0,189.0,0.0,ROY-9
313.0,Solomon Jones,24.0,ATL,C,63.0,0.0,675.0,67.0,111.0,0.604,1.0,2.0,0.5,66.0,109.0,0.606,0.608,53.0,74.0,0.716,52.0,90.0,142.0,15.0,7.0,34.0,27.0,125.0,188.0,0.0,
314.0,Shelden Williams,25.0,2TM,PF,45.0,0.0,512.0,70.0,157.0,0.446,0.0,2.0,0.0,70.0,155.0,0.452,0.446,46.0,63.0,0.73,49.0,104.0,153.0,12.0,22.0,18.0,34.0,64.0,186.0,0.0,
314.0,Shelden Williams,25.0,SAC,PF,30.0,0.0,305.0,40.0,89.0,0.449,0.0,2.0,0.0,40.0,87.0,0.46,0.449,32.0,42.0,0.762,25.0,53.0,78.0,8.0,12.0,10.0,26.0,36.0,112.0,0.0,
314.0,Shelden Williams,25.0,MIN,PF,15.0,0.0,207.0,30.0,68.0,0.441,0.0,0.0,,30.0,68.0,0.441,0.441,14.0,21.0,0.667,24.0,51.0,75.0,4.0,10.0,8.0,8.0,28.0,74.0,0.0,
315.0,Tyronn Lue,31.0,2TM,PG,44.0,0.0,521.0,71.0,162.0,0.438,27.0,62.0,0.435,44.0,100.0,0.44,0.522,14.0,19.0,0.737,6.0,40.0,46.0,60.0,8.0,0.0,23.0,54.0,183.0,0.0,
315.0,Tyronn Lue,31.0,MIL,PG,30.0,0.0,392.0,54.0,119.0,0.454,21.0,45.0,0.467,33.0,74.0,0.446,0.542,12.0,16.0,0.75,6.0,29.0,35.0,46.0,6.0,0.0,21.0,41.0,141.0,0.0,
315.0,Tyronn Lue,31.0,ORL,PG,14.0,0.0,129.0,17.0,43.0,0.395,6.0,17.0,0.353,11.0,26.0,0.423,0.465,2.0,3.0,0.667,0.0,11.0,11.0,14.0,2.0,0.0,2.0,13.0,42.0,0.0,
316.0,Brevin Knight,33.0,UTA,PG,74.0,0.0,938.0,66.0,189.0,0.349,0.0,6.0,0.0,66.0,183.0,0.361,0.349,48.0,64.0,0.75,13.0,75.0,88.0,190.0,68.0,4.0,66.0,98.0,180.0,0.0,
317.0,Juwan Howard,35.0,2TM,SF,42.0,2.0,472.0,75.0,147.0,0.51,0.0,0.0,,75.0,147.0,0.51,0.51,23.0,34.0,0.676,30.0,46.0,76.0,26.0,7.0,6.0,26.0,71.0,173.0,0.0,
317.0,Juwan Howard,35.0,DEN,PF,3.0,0.0,22.0,1.0,2.0,0.5,0.0,0.0,,1.0,2.0,0.5,0.5,0.0,0.0,,1.0,3.0,4.0,2.0,1.0,1.0,0.0,4.0,2.0,0.0,
317.0,Juwan Howard,35.0,CHA,SF,39.0,2.0,450.0,74.0,145.0,0.51,0.0,0.0,,74.0,145.0,0.51,0.51,23.0,34.0,0.676,29.0,43.0,72.0,24.0,6.0,5.0,26.0,67.0,171.0,0.0,
318.0,Danilo Gallinari,20.0,NYK,SG,28.0,2.0,412.0,56.0,125.0,0.448,32.0,72.0,0.444,24.0,53.0,0.453,0.576,26.0,27.0,0.963,13.0,42.0,55.0,15.0,14.0,4.0,15.0,48.0,170.0,0.0,
319.0,DeSagana Diop,27.0,2TM,C,75.0,1.0,1036.0,74.0,171.0,0.433,0.0,0.0,,74.0,171.0,0.433,0.433,22.0,66.0,0.333,114.0,159.0,273.0,32.0,29.0,56.0,39.0,128.0,170.0,0.0,
319.0,DeSagana Diop,27.0,DAL,C,34.0,0.0,452.0,22.0,58.0,0.379,0.0,0.0,,22.0,58.0,0.379,0.379,12.0,29.0,0.414,45.0,73.0,118.0,13.0,12.0,25.0,11.0,55.0,56.0,0.0,
319.0,DeSagana Diop,27.0,CHA,C,41.0,1.0,584.0,52.0,113.0,0.46,0.0,0.0,,52.0,113.0,0.46,0.46,10.0,37.0,0.27,69.0,86.0,155.0,19.0,17.0,31.0,28.0,73.0,114.0,0.0,
320.0,James Jones,28.0,MIA,SF,40.0,1.0,630.0,55.0,149.0,0.369,33.0,96.0,0.344,22.0,53.0,0.415,0.48,26.0,31.0,0.839,12.0,50.0,62.0,20.0,12.0,14.0,12.0,58.0,169.0,0.0,
321.0,Ben Wallace,34.0,CLE,PF,56.0,53.0,1314.0,69.0,155.0,0.445,0.0,0.0,,69.0,155.0,0.445,0.445,27.0,64.0,0.422,136.0,226.0,362.0,44.0,48.0,75.0,34.0,82.0,165.0,0.0,
322.0,Matt Carroll,28.0,2TM,SG,55.0,10.0,616.0,65.0,171.0,0.38,13.0,53.0,0.245,52.0,118.0,0.441,0.418,21.0,25.0,0.84,7.0,62.0,69.0,27.0,21.0,6.0,33.0,67.0,164.0,0.0,
322.0,Matt Carroll,28.0,CHA,SG,34.0,10.0,475.0,56.0,138.0,0.406,12.0,45.0,0.267,44.0,93.0,0.473,0.449,15.0,19.0,0.789,5.0,50.0,55.0,24.0,18.0,5.0,26.0,53.0,139.0,0.0,
322.0,Matt Carroll,28.0,DAL,SG,21.0,0.0,141.0,9.0,33.0,0.273,1.0,8.0,0.125,8.0,25.0,0.32,0.288,6.0,6.0,1.0,2.0,12.0,14.0,3.0,3.0,1.0,7.0,14.0,25.0,0.0,
323.0,Acie Law,24.0,ATL,PG,55.0,1.0,560.0,52.0,139.0,0.374,9.0,29.0,0.31,43.0,110.0,0.391,0.406,49.0,60.0,0.817,6.0,52.0,58.0,86.0,11.0,3.0,29.0,43.0,162.0,0.0,
324.0,Johan Petro,23.0,2TM,C,49.0,22.0,559.0,73.0,176.0,0.415,0.0,2.0,0.0,73.0,174.0,0.42,0.415,16.0,29.0,0.552,42.0,116.0,158.0,16.0,19.0,15.0,28.0,107.0,162.0,0.0,
324.0,Johan Petro,23.0,OKC,C,22.0,12.0,342.0,46.0,113.0,0.407,0.0,1.0,0.0,46.0,112.0,0.411,0.407,10.0,15.0,0.667,27.0,68.0,95.0,6.0,16.0,5.0,15.0,51.0,102.0,0.0,
324.0,Johan Petro,23.0,DEN,C,27.0,10.0,217.0,27.0,63.0,0.429,0.0,1.0,0.0,27.0,62.0,0.435,0.429,6.0,14.0,0.429,15.0,48.0,63.0,10.0,3.0,10.0,13.0,56.0,60.0,0.0,
325.0,Jamaal Magloire,30.0,MIA,C,55.0,12.0,709.0,65.0,131.0,0.496,0.0,0.0,,65.0,131.0,0.496,0.496,29.0,60.0,0.483,82.0,140.0,222.0,22.0,11.0,25.0,32.0,121.0,159.0,0.0,
326.0,Rob Kurz,23.0,GSW,PF,40.0,5.0,442.0,51.0,131.0,0.389,15.0,38.0,0.395,36.0,93.0,0.387,0.447,40.0,50.0,0.8,33.0,48.0,81.0,20.0,14.0,19.0,16.0,78.0,157.0,0.0,
327.0,Malik Allen,30.0,MIL,PF,49.0,3.0,579.0,73.0,170.0,0.429,0.0,1.0,0.0,73.0,169.0,0.432,0.429,10.0,21.0,0.476,35.0,68.0,103.0,35.0,7.0,12.0,20.0,89.0,156.0,0.0,
328.0,Greg Buckner,32.0,MEM,SF,63.0,0.0,878.0,61.0,159.0,0.384,13.0,51.0,0.255,48.0,108.0,0.444,0.425,20.0,25.0,0.8,32.0,98.0,130.0,57.0,29.0,8.0,38.0,108.0,155.0,0.0,
329.0,Cuttino Mobley,33.0,LAC,SG,11.0,11.0,365.0,63.0,146.0,0.432,12.0,35.0,0.343,51.0,111.0,0.459,0.473,13.0,18.0,0.722,9.0,20.0,29.0,12.0,15.0,2.0,18.0,21.0,151.0,0.0,
330.0,Luther Head,26.0,2TM,PG,32.0,4.0,498.0,55.0,144.0,0.382,20.0,54.0,0.37,35.0,90.0,0.389,0.451,19.0,24.0,0.792,6.0,46.0,52.0,58.0,17.0,2.0,25.0,37.0,149.0,0.0,
330.0,Luther Head,26.0,HOU,PG,22.0,4.0,322.0,39.0,101.0,0.386,14.0,38.0,0.368,25.0,63.0,0.397,0.455,14.0,16.0,0.875,3.0,24.0,27.0,35.0,6.0,1.0,16.0,15.0,106.0,0.0,
330.0,Luther Head,26.0,MIA,SG,10.0,0.0,176.0,16.0,43.0,0.372,6.0,16.0,0.375,10.0,27.0,0.37,0.442,5.0,8.0,0.625,3.0,22.0,25.0,23.0,11.0,1.0,9.0,22.0,43.0,0.0,
331.0,Devean George,31.0,DAL,SF,43.0,17.0,708.0,54.0,142.0,0.38,22.0,76.0,0.289,32.0,66.0,0.485,0.458,17.0,22.0,0.773,25.0,53.0,78.0,15.0,23.0,11.0,17.0,57.0,147.0,0.0,
332.0,Joel Anthony,26.0,MIA,C,65.0,28.0,1048.0,57.0,118.0,0.483,0.0,0.0,,57.0,118.0,0.483,0.483,30.0,46.0,0.652,89.0,108.0,197.0,27.0,20.0,93.0,41.0,139.0,144.0,0.0,
333.0,Ryan Hollins,24.0,2TM,C,45.0,3.0,444.0,50.0,94.0,0.532,0.0,0.0,,50.0,94.0,0.532,0.532,43.0,72.0,0.597,46.0,51.0,97.0,7.0,7.0,32.0,24.0,78.0,143.0,0.0,
333.0,Ryan Hollins,24.0,CHA,C,18.0,1.0,184.0,19.0,35.0,0.543,0.0,0.0,,19.0,35.0,0.543,0.543,26.0,39.0,0.667,19.0,17.0,36.0,4.0,3.0,17.0,10.0,34.0,64.0,0.0,
333.0,Ryan Hollins,24.0,DAL,C,27.0,2.0,260.0,31.0,59.0,0.525,0.0,0.0,,31.0,59.0,0.525,0.525,17.0,33.0,0.515,27.0,34.0,61.0,3.0,4.0,15.0,14.0,44.0,79.0,0.0,
334.0,Fabricio Oberto,33.0,SAS,C,54.0,11.0,677.0,61.0,104.0,0.587,0.0,1.0,0.0,61.0,103.0,0.592,0.587,20.0,35.0,0.571,65.0,77.0,142.0,59.0,7.0,11.0,38.0,95.0,142.0,0.0,
335.0,Alando Tucker,24.0,PHO,SG,30.0,1.0,282.0,52.0,121.0,0.43,8.0,23.0,0.348,44.0,98.0,0.449,0.463,26.0,33.0,0.788,19.0,12.0,31.0,12.0,5.0,1.0,14.0,14.0,138.0,0.0,
336.0,Marko Jarić,30.0,MEM,SG,53.0,0.0,605.0,48.0,145.0,0.331,11.0,28.0,0.393,37.0,117.0,0.316,0.369,29.0,41.0,0.707,23.0,42.0,65.0,74.0,29.0,11.0,49.0,62.0,136.0,0.0,
337.0,Brian Scalabrine,30.0,BOS,C,39.0,8.0,504.0,48.0,114.0,0.421,24.0,61.0,0.393,24.0,53.0,0.453,0.526,16.0,18.0,0.889,7.0,43.0,50.0,18.0,7.0,10.0,12.0,73.0,136.0,0.0,
338.0,Malik Rose,34.0,2TM,PF,38.0,0.0,470.0,45.0,131.0,0.344,0.0,7.0,0.0,45.0,124.0,0.363,0.344,40.0,51.0,0.784,17.0,79.0,96.0,36.0,10.0,3.0,36.0,72.0,130.0,0.0,
338.0,Malik Rose,34.0,NYK,PF,18.0,0.0,160.0,11.0,41.0,0.268,0.0,4.0,0.0,11.0,37.0,0.297,0.268,8.0,11.0,0.727,4.0,27.0,31.0,10.0,1.0,1.0,17.0,24.0,30.0,0.0,
338.0,Malik Rose,34.0,OKC,PF,20.0,0.0,310.0,34.0,90.0,0.378,0.0,3.0,0.0,34.0,87.0,0.391,0.378,32.0,40.0,0.8,13.0,52.0,65.0,26.0,9.0,2.0,19.0,48.0,100.0,0.0,
339.0,Darius Miles,27.0,MEM,SF,34.0,0.0,298.0,48.0,99.0,0.485,1.0,6.0,0.167,47.0,93.0,0.505,0.49,23.0,31.0,0.742,19.0,38.0,57.0,17.0,11.0,20.0,21.0,32.0,120.0,0.0,
340.0,Anthony Roberson,25.0,2TM,PG,29.0,0.0,276.0,44.0,120.0,0.367,26.0,81.0,0.321,18.0,39.0,0.462,0.475,5.0,5.0,1.0,6.0,16.0,22.0,20.0,10.0,1.0,8.0,18.0,119.0,0.0,
340.0,Anthony Roberson,25.0,NYK,PG,23.0,0.0,253.0,39.0,103.0,0.379,24.0,71.0,0.338,15.0,32.0,0.469,0.495,5.0,5.0,1.0,4.0,11.0,15.0,19.0,10.0,1.0,7.0,18.0,107.0,0.0,
340.0,Anthony Roberson,25.0,CHI,PG,6.0,0.0,23.0,5.0,17.0,0.294,2.0,10.0,0.2,3.0,7.0,0.429,0.353,0.0,0.0,,2.0,5.0,7.0,1.0,0.0,0.0,1.0,0.0,12.0,0.0,
341.0,Ike Diogu,25.0,2TM,PF,29.0,1.0,215.0,39.0,74.0,0.527,1.0,2.0,0.5,38.0,72.0,0.528,0.534,40.0,53.0,0.755,26.0,30.0,56.0,3.0,3.0,3.0,12.0,23.0,119.0,0.0,
341.0,Ike Diogu,25.0,POR,PF,19.0,0.0,73.0,6.0,19.0,0.316,0.0,0.0,,6.0,19.0,0.316,0.316,15.0,20.0,0.75,12.0,5.0,17.0,0.0,1.0,2.0,6.0,9.0,27.0,0.0,
341.0,Ike Diogu,25.0,SAC,PF,10.0,1.0,142.0,33.0,55.0,0.6,1.0,2.0,0.5,32.0,53.0,0.604,0.609,25.0,33.0,0.758,14.0,25.0,39.0,3.0,2.0,1.0,6.0,14.0,92.0,0.0,
342.0,Oleksiy Pecherov,23.0,WAS,C,32.0,0.0,277.0,39.0,101.0,0.386,14.0,43.0,0.326,25.0,58.0,0.431,0.455,24.0,29.0,0.828,35.0,41.0,76.0,2.0,6.0,3.0,10.0,34.0,116.0,0.0,
343.0,Quincy Douby,24.0,2TM,PG,27.0,0.0,300.0,42.0,110.0,0.382,14.0,46.0,0.304,28.0,64.0,0.438,0.445,17.0,19.0,0.895,6.0,26.0,32.0,25.0,5.0,5.0,13.0,27.0,115.0,0.0,
343.0,Quincy Douby,24.0,SAC,PG,20.0,0.0,227.0,30.0,88.0,0.341,10.0,37.0,0.27,20.0,51.0,0.392,0.398,14.0,15.0,0.933,3.0,22.0,25.0,13.0,2.0,5.0,6.0,23.0,84.0,0.0,
343.0,Quincy Douby,24.0,TOR,PG,7.0,0.0,73.0,12.0,22.0,0.545,4.0,9.0,0.444,8.0,13.0,0.615,0.636,3.0,4.0,0.75,3.0,4.0,7.0,12.0,3.0,0.0,7.0,4.0,31.0,0.0,
344.0,Kris Humphries,23.0,TOR,SF,29.0,0.0,265.0,38.0,90.0,0.422,0.0,0.0,,38.0,90.0,0.422,0.422,38.0,48.0,0.792,24.0,46.0,70.0,10.0,8.0,6.0,8.0,31.0,114.0,0.0,
345.0,Pops Mensah-Bonsu,25.0,2TM,PF,22.0,0.0,283.0,39.0,103.0,0.379,0.0,2.0,0.0,39.0,101.0,0.386,0.379,33.0,48.0,0.688,55.0,58.0,113.0,6.0,9.0,5.0,19.0,43.0,111.0,0.0,
345.0,Pops Mensah-Bonsu,25.0,SAS,PF,3.0,0.0,20.0,5.0,7.0,0.714,0.0,0.0,,5.0,7.0,0.714,0.714,5.0,7.0,0.714,5.0,5.0,10.0,0.0,1.0,1.0,2.0,6.0,15.0,0.0,
345.0,Pops Mensah-Bonsu,25.0,TOR,PF,19.0,0.0,263.0,34.0,96.0,0.354,0.0,2.0,0.0,34.0,94.0,0.362,0.354,28.0,41.0,0.683,50.0,53.0,103.0,6.0,8.0,4.0,17.0,37.0,96.0,0.0,
346.0,Paul Davis,24.0,LAC,PF,27.0,1.0,320.0,40.0,98.0,0.408,0.0,1.0,0.0,40.0,97.0,0.412,0.408,27.0,34.0,0.794,28.0,39.0,67.0,12.0,10.0,3.0,13.0,44.0,107.0,0.0,
347.0,Nazr Mohammed,31.0,CHA,C,39.0,1.0,341.0,41.0,101.0,0.406,0.0,0.0,,41.0,101.0,0.406,0.406,22.0,40.0,0.55,35.0,44.0,79.0,8.0,5.0,16.0,23.0,63.0,104.0,0.0,
348.0,Tarence Kinsey,24.0,CLE,SG,50.0,3.0,277.0,31.0,69.0,0.449,7.0,18.0,0.389,24.0,51.0,0.471,0.5,33.0,38.0,0.868,10.0,28.0,38.0,10.0,12.0,0.0,22.0,34.0,102.0,0.0,
349.0,Patrick O'Bryant,22.0,2TM,C,39.0,3.0,255.0,45.0,84.0,0.536,0.0,2.0,0.0,45.0,82.0,0.549,0.536,11.0,20.0,0.55,13.0,53.0,66.0,11.0,6.0,19.0,22.0,61.0,101.0,0.0,
349.0,Patrick O'Bryant,22.0,BOS,C,26.0,0.0,108.0,16.0,31.0,0.516,0.0,0.0,,16.0,31.0,0.516,0.516,8.0,12.0,0.667,7.0,27.0,34.0,8.0,3.0,8.0,17.0,29.0,40.0,0.0,
349.0,Patrick O'Bryant,22.0,TOR,C,13.0,3.0,147.0,29.0,53.0,0.547,0.0,2.0,0.0,29.0,51.0,0.569,0.547,3.0,8.0,0.375,6.0,26.0,32.0,3.0,3.0,11.0,5.0,32.0,61.0,0.0,
350.0,Darnell Jackson,23.0,CLE,PF,51.0,2.0,430.0,37.0,86.0,0.43,0.0,2.0,0.0,37.0,84.0,0.44,0.43,24.0,35.0,0.686,32.0,55.0,87.0,8.0,10.0,4.0,14.0,77.0,98.0,0.0,
351.0,Chucky Atkins,34.0,2TM,PG,33.0,0.0,412.0,34.0,113.0,0.301,15.0,57.0,0.263,19.0,56.0,0.339,0.367,15.0,16.0,0.938,5.0,19.0,24.0,59.0,10.0,2.0,23.0,27.0,98.0,0.0,
351.0,Chucky Atkins,34.0,DEN,PG,14.0,0.0,115.0,9.0,27.0,0.333,5.0,17.0,0.294,4.0,10.0,0.4,0.426,4.0,4.0,1.0,0.0,6.0,6.0,28.0,2.0,1.0,10.0,5.0,27.0,0.0,
351.0,Chucky Atkins,34.0,OKC,PG,19.0,0.0,297.0,25.0,86.0,0.291,10.0,40.0,0.25,15.0,46.0,0.326,0.349,11.0,12.0,0.917,5.0,13.0,18.0,31.0,8.0,1.0,13.0,22.0,71.0,0.0,
352.0,Melvin Ely,30.0,NOH,C,31.0,4.0,373.0,37.0,95.0,0.389,0.0,0.0,,37.0,95.0,0.389,0.389,23.0,36.0,0.639,30.0,34.0,64.0,18.0,2.0,9.0,23.0,58.0,97.0,0.0,
353.0,Donyell Marshall,35.0,PHI,PF,25.0,0.0,189.0,33.0,73.0,0.452,25.0,55.0,0.455,8.0,18.0,0.444,0.623,3.0,6.0,0.5,6.0,34.0,40.0,15.0,4.0,5.0,6.0,24.0,94.0,0.0,
354.0,Corey Brewer,22.0,MIN,SF,15.0,8.0,307.0,37.0,90.0,0.411,5.0,12.0,0.417,32.0,78.0,0.41,0.439,14.0,19.0,0.737,18.0,31.0,49.0,25.0,15.0,3.0,13.0,37.0,93.0,0.0,
355.0,Sean May,24.0,CHA,PF,24.0,12.0,301.0,39.0,98.0,0.398,1.0,1.0,1.0,38.0,97.0,0.392,0.403,14.0,20.0,0.7,20.0,49.0,69.0,10.0,5.0,4.0,26.0,32.0,93.0,0.0,
356.0,Gabe Pruitt,22.0,BOS,SG,47.0,0.0,366.0,31.0,101.0,0.307,14.0,48.0,0.292,17.0,53.0,0.321,0.376,17.0,21.0,0.81,9.0,34.0,43.0,39.0,15.0,3.0,19.0,34.0,93.0,0.0,
357.0,Morris Almond,23.0,UTA,SG,25.0,1.0,255.0,33.0,81.0,0.407,5.0,17.0,0.294,28.0,64.0,0.438,0.438,21.0,26.0,0.808,9.0,27.0,36.0,7.0,4.0,4.0,16.0,31.0,92.0,0.0,
358.0,Chuck Hayes,25.0,HOU,C,71.0,1.0,858.0,42.0,113.0,0.372,0.0,4.0,0.0,42.0,109.0,0.385,0.372,7.0,19.0,0.368,74.0,176.0,250.0,42.0,34.0,19.0,25.0,134.0,91.0,0.0,
359.0,Sean Singletary,23.0,2TM,PG,37.0,2.0,303.0,31.0,85.0,0.365,10.0,25.0,0.4,21.0,60.0,0.35,0.424,18.0,21.0,0.857,10.0,25.0,35.0,29.0,11.0,0.0,23.0,45.0,90.0,0.0,
359.0,Sean Singletary,23.0,PHO,PG,13.0,1.0,122.0,12.0,37.0,0.324,4.0,10.0,0.4,8.0,27.0,0.296,0.378,6.0,6.0,1.0,5.0,11.0,16.0,12.0,6.0,0.0,5.0,14.0,34.0,0.0,
359.0,Sean Singletary,23.0,CHA,PG,24.0,1.0,181.0,19.0,48.0,0.396,6.0,15.0,0.4,13.0,33.0,0.394,0.458,12.0,15.0,0.8,5.0,14.0,19.0,17.0,5.0,0.0,18.0,31.0,56.0,0.0,
360.0,Theo Ratliff,35.0,PHI,C,46.0,0.0,579.0,34.0,64.0,0.531,0.0,0.0,,34.0,64.0,0.531,0.531,21.0,35.0,0.6,46.0,82.0,128.0,9.0,17.0,47.0,14.0,77.0,89.0,0.0,
361.0,Stephon Marbury,31.0,BOS,PG,23.0,4.0,414.0,38.0,111.0,0.342,6.0,25.0,0.24,32.0,86.0,0.372,0.369,6.0,13.0,0.462,2.0,26.0,28.0,75.0,10.0,3.0,37.0,34.0,88.0,0.0,
362.0,Henry Walker,21.0,BOS,SF,29.0,0.0,216.0,36.0,58.0,0.621,0.0,1.0,0.0,36.0,57.0,0.632,0.621,16.0,23.0,0.696,8.0,21.0,29.0,13.0,6.0,2.0,18.0,51.0,88.0,0.0,
363.0,Cartier Martin,24.0,CHA,SF,33.0,1.0,266.0,28.0,77.0,0.364,10.0,33.0,0.303,18.0,44.0,0.409,0.429,20.0,25.0,0.8,7.0,26.0,33.0,13.0,8.0,4.0,9.0,33.0,86.0,0.0,
364.0,Robert Swift,23.0,OKC,C,26.0,10.0,343.0,37.0,71.0,0.521,0.0,0.0,,37.0,71.0,0.521,0.521,12.0,16.0,0.75,21.0,68.0,89.0,9.0,5.0,17.0,8.0,50.0,86.0,0.0,
365.0,Josh McRoberts,21.0,IND,PF,33.0,0.0,279.0,35.0,83.0,0.422,0.0,10.0,0.0,35.0,73.0,0.479,0.422,10.0,13.0,0.769,26.0,48.0,74.0,16.0,12.0,16.0,12.0,41.0,80.0,0.0,
366.0,Etan Thomas,30.0,WAS,C,26.0,7.0,306.0,32.0,66.0,0.485,0.0,0.0,,32.0,66.0,0.485,0.485,16.0,23.0,0.696,25.0,41.0,66.0,6.0,3.0,18.0,18.0,35.0,80.0,0.0,
367.0,Sean Williams,22.0,NJN,PF,33.0,0.0,366.0,30.0,72.0,0.417,0.0,0.0,,30.0,72.0,0.417,0.417,20.0,32.0,0.625,34.0,45.0,79.0,13.0,7.0,29.0,20.0,72.0,80.0,0.0,
368.0,Mark Blount,33.0,MIA,C,20.0,0.0,207.0,30.0,78.0,0.385,11.0,27.0,0.407,19.0,51.0,0.373,0.455,8.0,13.0,0.615,10.0,31.0,41.0,4.0,1.0,7.0,14.0,17.0,79.0,0.0,
369.0,Eduardo Nájera,32.0,NJN,PF,27.0,0.0,319.0,33.0,74.0,0.446,5.0,25.0,0.2,28.0,49.0,0.571,0.48,8.0,22.0,0.364,17.0,50.0,67.0,19.0,10.0,4.0,18.0,50.0,79.0,0.0,
370.0,Jason Hart,30.0,2TM,PG,39.0,2.0,348.0,30.0,94.0,0.319,0.0,6.0,0.0,30.0,88.0,0.341,0.319,18.0,23.0,0.783,13.0,33.0,46.0,48.0,12.0,4.0,22.0,39.0,78.0,0.0,
370.0,Jason Hart,30.0,LAC,PG,28.0,2.0,312.0,25.0,84.0,0.298,0.0,4.0,0.0,25.0,80.0,0.313,0.298,15.0,19.0,0.789,12.0,30.0,42.0,43.0,12.0,4.0,19.0,35.0,65.0,0.0,
370.0,Jason Hart,30.0,DEN,PG,11.0,0.0,36.0,5.0,10.0,0.5,0.0,2.0,0.0,5.0,8.0,0.625,0.5,3.0,4.0,0.75,1.0,3.0,4.0,5.0,0.0,0.0,3.0,4.0,13.0,0.0,
371.0,Brian Cook,28.0,2TM,PF,30.0,0.0,171.0,28.0,76.0,0.368,13.0,30.0,0.433,15.0,46.0,0.326,0.454,5.0,6.0,0.833,7.0,25.0,32.0,5.0,3.0,3.0,13.0,26.0,74.0,0.0,
371.0,Brian Cook,28.0,ORL,PF,21.0,0.0,146.0,23.0,60.0,0.383,11.0,25.0,0.44,12.0,35.0,0.343,0.475,5.0,6.0,0.833,6.0,21.0,27.0,4.0,3.0,0.0,11.0,23.0,62.0,0.0,
371.0,Brian Cook,28.0,HOU,PF,9.0,0.0,25.0,5.0,16.0,0.313,2.0,5.0,0.4,3.0,11.0,0.273,0.375,0.0,0.0,,1.0,4.0,5.0,1.0,0.0,3.0,2.0,3.0,12.0,0.0,
372.0,Lindsey Hunter,38.0,CHI,PG,28.0,0.0,266.0,27.0,82.0,0.329,16.0,48.0,0.333,11.0,34.0,0.324,0.427,3.0,5.0,0.6,2.0,10.0,12.0,37.0,20.0,1.0,19.0,28.0,73.0,0.0,
373.0,Alex Acker,26.0,2TM,SG,25.0,0.0,199.0,30.0,76.0,0.395,7.0,20.0,0.35,23.0,56.0,0.411,0.441,5.0,10.0,0.5,8.0,16.0,24.0,12.0,5.0,4.0,7.0,9.0,72.0,0.0,
373.0,Alex Acker,26.0,DET,SG,7.0,0.0,20.0,4.0,11.0,0.364,0.0,4.0,0.0,4.0,7.0,0.571,0.364,1.0,2.0,0.5,0.0,2.0,2.0,1.0,2.0,1.0,0.0,0.0,9.0,0.0,
373.0,Alex Acker,26.0,LAC,SG,18.0,0.0,179.0,26.0,65.0,0.4,7.0,16.0,0.438,19.0,49.0,0.388,0.454,4.0,8.0,0.5,8.0,14.0,22.0,11.0,3.0,3.0,7.0,9.0,63.0,0.0,
374.0,Shaun Livingston,23.0,2TM,PG,12.0,1.0,231.0,31.0,60.0,0.517,0.0,0.0,,31.0,60.0,0.517,0.517,9.0,10.0,0.9,3.0,25.0,28.0,20.0,7.0,2.0,9.0,12.0,71.0,0.0,
374.0,Shaun Livingston,23.0,MIA,PG,4.0,0.0,41.0,3.0,8.0,0.375,0.0,0.0,,3.0,8.0,0.375,0.375,3.0,4.0,0.75,0.0,2.0,2.0,4.0,2.0,0.0,3.0,4.0,9.0,0.0,
374.0,Shaun Livingston,23.0,OKC,PG,8.0,1.0,190.0,28.0,52.0,0.538,0.0,0.0,,28.0,52.0,0.538,0.538,6.0,6.0,1.0,3.0,23.0,26.0,16.0,5.0,2.0,6.0,8.0,62.0,0.0,
375.0,Alexis Ajinça,20.0,CHA,PF,31.0,4.0,182.0,25.0,69.0,0.362,0.0,2.0,0.0,25.0,67.0,0.373,0.362,20.0,28.0,0.714,9.0,21.0,30.0,3.0,7.0,6.0,12.0,34.0,70.0,0.0,
376.0,Maceo Baston,33.0,IND,PF,27.0,0.0,217.0,25.0,46.0,0.543,0.0,1.0,0.0,25.0,45.0,0.556,0.543,17.0,27.0,0.63,22.0,30.0,52.0,7.0,6.0,10.0,12.0,39.0,67.0,0.0,
377.0,Jacque Vaughn,33.0,SAS,PG,30.0,0.0,292.0,24.0,75.0,0.32,1.0,1.0,1.0,23.0,74.0,0.311,0.327,16.0,18.0,0.889,4.0,18.0,22.0,55.0,6.0,0.0,15.0,26.0,65.0,0.0,
378.0,D.J. White,22.0,OKC,PF,7.0,0.0,130.0,26.0,50.0,0.52,0.0,0.0,,26.0,50.0,0.52,0.52,10.0,13.0,0.769,10.0,22.0,32.0,6.0,3.0,5.0,3.0,10.0,62.0,0.0,
379.0,Stromile Swift,29.0,2TM,PF,19.0,0.0,185.0,24.0,56.0,0.429,1.0,1.0,1.0,23.0,55.0,0.418,0.438,13.0,26.0,0.5,16.0,30.0,46.0,3.0,4.0,8.0,16.0,40.0,62.0,0.0,
379.0,Stromile Swift,29.0,NJN,PF,6.0,0.0,64.0,9.0,15.0,0.6,0.0,0.0,,9.0,15.0,0.6,0.6,5.0,11.0,0.455,5.0,8.0,13.0,1.0,0.0,2.0,7.0,15.0,23.0,0.0,
379.0,Stromile Swift,29.0,PHO,PF,13.0,0.0,121.0,15.0,41.0,0.366,1.0,1.0,1.0,14.0,40.0,0.35,0.378,8.0,15.0,0.533,11.0,22.0,33.0,2.0,4.0,6.0,9.0,25.0,39.0,0.0,
380.0,D.J. Mbenga,28.0,LAL,C,23.0,0.0,181.0,27.0,57.0,0.474,0.0,1.0,0.0,27.0,56.0,0.482,0.474,7.0,8.0,0.875,9.0,22.0,31.0,9.0,10.0,24.0,13.0,33.0,61.0,0.0,
381.0,Brendan Haywood,29.0,WAS,C,6.0,5.0,175.0,24.0,50.0,0.48,0.0,0.0,,24.0,50.0,0.48,0.48,10.0,21.0,0.476,13.0,31.0,44.0,8.0,4.0,15.0,9.0,14.0,58.0,0.0,
382.0,Jason Collins,30.0,MIN,C,31.0,22.0,422.0,22.0,70.0,0.314,0.0,0.0,,22.0,70.0,0.314,0.314,13.0,28.0,0.464,28.0,42.0,70.0,11.0,9.0,13.0,12.0,73.0,57.0,0.0,
383.0,Marcus Banks,27.0,2TM,PG,22.0,0.0,206.0,21.0,57.0,0.368,3.0,19.0,0.158,18.0,38.0,0.474,0.395,11.0,18.0,0.611,1.0,17.0,18.0,28.0,11.0,2.0,14.0,26.0,56.0,0.0,
383.0,Marcus Banks,27.0,MIA,PG,16.0,0.0,166.0,15.0,39.0,0.385,2.0,14.0,0.143,13.0,25.0,0.52,0.41,10.0,15.0,0.667,0.0,15.0,15.0,22.0,10.0,2.0,11.0,21.0,42.0,0.0,
383.0,Marcus Banks,27.0,TOR,PG,6.0,0.0,40.0,6.0,18.0,0.333,1.0,5.0,0.2,5.0,13.0,0.385,0.361,1.0,3.0,0.333,1.0,2.0,3.0,6.0,1.0,0.0,3.0,5.0,14.0,0.0,
384.0,Kareem Rush,28.0,PHI,SG,25.0,1.0,199.0,20.0,58.0,0.345,10.0,33.0,0.303,10.0,25.0,0.4,0.431,4.0,4.0,1.0,0.0,15.0,15.0,15.0,5.0,1.0,10.0,10.0,54.0,0.0,
385.0,DeMarcus Nelson,23.0,GSW,PG,13.0,5.0,171.0,24.0,54.0,0.444,0.0,3.0,0.0,24.0,51.0,0.471,0.444,5.0,14.0,0.357,6.0,18.0,24.0,13.0,9.0,2.0,15.0,24.0,53.0,0.0,
386.0,Anthony Tolliver,23.0,SAS,PF,19.0,0.0,208.0,19.0,65.0,0.292,9.0,41.0,0.22,10.0,24.0,0.417,0.362,5.0,10.0,0.5,12.0,29.0,41.0,17.0,5.0,1.0,7.0,16.0,52.0,0.0,
387.0,Malik Hairston,21.0,SAS,SG,15.0,0.0,155.0,24.0,49.0,0.49,0.0,1.0,0.0,24.0,48.0,0.5,0.49,2.0,7.0,0.286,11.0,17.0,28.0,13.0,6.0,7.0,12.0,19.0,50.0,0.0,
388.0,Kyrylo Fesenko,22.0,UTA,C,21.0,1.0,156.0,21.0,36.0,0.583,0.0,0.0,,21.0,36.0,0.583,0.583,7.0,21.0,0.333,14.0,23.0,37.0,4.0,7.0,15.0,9.0,35.0,49.0,0.0,
389.0,Hamed Haddadi,23.0,MEM,C,19.0,0.0,120.0,15.0,31.0,0.484,0.0,0.0,,15.0,31.0,0.484,0.484,18.0,30.0,0.6,16.0,31.0,47.0,8.0,1.0,12.0,9.0,20.0,48.0,0.0,
390.0,Ryan Bowen,33.0,NOH,SF,21.0,3.0,219.0,22.0,38.0,0.579,0.0,0.0,,22.0,38.0,0.579,0.579,3.0,5.0,0.6,10.0,14.0,24.0,9.0,14.0,5.0,5.0,37.0,47.0,0.0,
391.0,Dee Brown,24.0,2TM,PG,19.0,11.0,261.0,18.0,49.0,0.367,7.0,24.0,0.292,11.0,25.0,0.44,0.439,3.0,5.0,0.6,7.0,22.0,29.0,36.0,10.0,0.0,17.0,28.0,46.0,0.0,
391.0,Dee Brown,24.0,WAS,PG,17.0,11.0,233.0,17.0,44.0,0.386,6.0,20.0,0.3,11.0,24.0,0.458,0.455,1.0,3.0,0.333,7.0,21.0,28.0,33.0,10.0,0.0,14.0,22.0,41.0,0.0,
391.0,Dee Brown,24.0,PHO,PG,2.0,0.0,28.0,1.0,5.0,0.2,1.0,4.0,0.25,0.0,1.0,0.0,0.3,2.0,2.0,1.0,0.0,1.0,1.0,3.0,0.0,0.0,3.0,6.0,5.0,0.0,
392.0,Mario West,24.0,ATL,SG,53.0,3.0,269.0,14.0,34.0,0.412,1.0,1.0,1.0,13.0,33.0,0.394,0.426,14.0,30.0,0.467,24.0,32.0,56.0,19.0,18.0,4.0,13.0,35.0,43.0,0.0,
393.0,Jermareo Davidson,24.0,GSW,SF,14.0,0.0,111.0,17.0,35.0,0.486,0.0,0.0,,17.0,35.0,0.486,0.486,8.0,17.0,0.471,10.0,24.0,34.0,1.0,2.0,3.0,5.0,12.0,42.0,0.0,
394.0,Jerry Stackhouse,34.0,DAL,SG,10.0,1.0,162.0,16.0,60.0,0.267,3.0,19.0,0.158,13.0,41.0,0.317,0.292,7.0,7.0,1.0,5.0,12.0,17.0,12.0,4.0,1.0,9.0,6.0,42.0,0.0,
395.0,Shawne Williams,22.0,DAL,SF,15.0,0.0,170.0,16.0,56.0,0.286,1.0,17.0,0.059,15.0,39.0,0.385,0.295,9.0,11.0,0.818,19.0,27.0,46.0,2.0,2.0,9.0,5.0,19.0,42.0,0.0,
396.0,Jarron Collins,30.0,UTA,C,26.0,3.0,201.0,16.0,35.0,0.457,0.0,0.0,,16.0,35.0,0.457,0.457,8.0,11.0,0.727,20.0,17.0,37.0,7.0,2.0,1.0,9.0,35.0,40.0,0.0,
397.0,Austin Croshere,33.0,2TM,PF,14.0,0.0,100.0,14.0,39.0,0.359,5.0,15.0,0.333,9.0,24.0,0.375,0.423,7.0,12.0,0.583,11.0,23.0,34.0,9.0,1.0,1.0,6.0,5.0,40.0,0.0,
397.0,Austin Croshere,33.0,MIL,PF,11.0,0.0,77.0,12.0,30.0,0.4,5.0,11.0,0.455,7.0,19.0,0.368,0.483,7.0,11.0,0.636,7.0,17.0,24.0,6.0,1.0,1.0,4.0,4.0,36.0,0.0,
397.0,Austin Croshere,33.0,SAS,PF,3.0,0.0,23.0,2.0,9.0,0.222,0.0,4.0,0.0,2.0,5.0,0.4,0.222,0.0,1.0,0.0,4.0,6.0,10.0,3.0,0.0,0.0,2.0,1.0,4.0,0.0,
398.0,Jeremy Richardson,24.0,ORL,SF,12.0,0.0,93.0,14.0,49.0,0.286,6.0,17.0,0.353,8.0,32.0,0.25,0.347,3.0,6.0,0.5,1.0,13.0,14.0,3.0,0.0,0.0,3.0,6.0,37.0,0.0,
399.0,Chris Mihm,29.0,LAL,C,18.0,0.0,105.0,15.0,40.0,0.375,0.0,0.0,,15.0,40.0,0.375,0.375,6.0,7.0,0.857,15.0,19.0,34.0,10.0,1.0,6.0,10.0,23.0,36.0,0.0,
400.0,Jake Voskuhl,31.0,TOR,C,38.0,1.0,240.0,12.0,45.0,0.267,0.0,0.0,,12.0,45.0,0.267,0.267,11.0,14.0,0.786,21.0,38.0,59.0,8.0,3.0,4.0,17.0,60.0,35.0,0.0,
401.0,Maurice Ager,24.0,NJN,SG,20.0,0.0,97.0,15.0,43.0,0.349,0.0,6.0,0.0,15.0,37.0,0.405,0.349,4.0,8.0,0.5,3.0,7.0,10.0,3.0,1.0,2.0,4.0,17.0,34.0,0.0,
402.0,Damon Jones,32.0,MIL,PG,18.0,0.0,108.0,11.0,34.0,0.324,11.0,28.0,0.393,0.0,6.0,0.0,0.485,0.0,0.0,,0.0,6.0,6.0,7.0,3.0,0.0,6.0,4.0,33.0,0.0,
403.0,Dontell Jefferson,25.0,CHA,SG,6.0,0.0,84.0,11.0,22.0,0.5,1.0,2.0,0.5,10.0,20.0,0.5,0.523,6.0,9.0,0.667,1.0,11.0,12.0,9.0,4.0,1.0,6.0,9.0,29.0,0.0,
404.0,Cedric Simmons,23.0,2TM,PF,18.0,0.0,84.0,11.0,25.0,0.44,0.0,0.0,,11.0,25.0,0.44,0.44,7.0,16.0,0.438,5.0,11.0,16.0,2.0,1.0,4.0,2.0,8.0,29.0,0.0,
404.0,Cedric Simmons,23.0,CHI,PF,11.0,0.0,61.0,11.0,21.0,0.524,0.0,0.0,,11.0,21.0,0.524,0.524,6.0,14.0,0.429,4.0,8.0,12.0,2.0,1.0,4.0,0.0,6.0,28.0,0.0,
404.0,Cedric Simmons,23.0,SAC,PF,7.0,0.0,23.0,0.0,4.0,0.0,0.0,0.0,,0.0,4.0,0.0,0.0,1.0,2.0,0.5,1.0,3.0,4.0,0.0,0.0,0.0,2.0,2.0,1.0,0.0,
405.0,Gilbert Arenas,27.0,WAS,PG,2.0,2.0,63.0,6.0,23.0,0.261,2.0,7.0,0.286,4.0,16.0,0.25,0.304,12.0,16.0,0.75,1.0,8.0,9.0,20.0,0.0,1.0,1.0,4.0,26.0,0.0,
406.0,Thomas Gardner,23.0,ATL,SG,16.0,0.0,98.0,9.0,36.0,0.25,4.0,23.0,0.174,5.0,13.0,0.385,0.306,2.0,4.0,0.5,0.0,7.0,7.0,2.0,4.0,1.0,3.0,4.0,24.0,0.0,
407.0,Lorenzen Wright,33.0,CLE,C,17.0,2.0,125.0,10.0,27.0,0.37,0.0,0.0,,10.0,27.0,0.37,0.37,3.0,8.0,0.375,7.0,18.0,25.0,3.0,4.0,5.0,9.0,17.0,23.0,0.0,
408.0,Othello Hunter,22.0,ATL,PF,16.0,0.0,92.0,11.0,20.0,0.55,0.0,0.0,,11.0,20.0,0.55,0.55,0.0,5.0,0.0,9.0,15.0,24.0,1.0,2.0,5.0,2.0,11.0,22.0,0.0,
409.0,Mouhamed Sene,22.0,2TM,C,6.0,0.0,29.0,6.0,9.0,0.667,0.0,0.0,,6.0,9.0,0.667,0.667,8.0,10.0,0.8,5.0,9.0,14.0,0.0,1.0,3.0,4.0,2.0,20.0,0.0,
409.0,Mouhamed Sene,22.0,OKC,C,5.0,0.0,23.0,5.0,7.0,0.714,0.0,0.0,,5.0,7.0,0.714,0.714,7.0,9.0,0.778,3.0,6.0,9.0,0.0,1.0,2.0,3.0,2.0,17.0,0.0,
409.0,Mouhamed Sene,22.0,NYK,C,1.0,0.0,6.0,1.0,2.0,0.5,0.0,0.0,,1.0,2.0,0.5,0.5,1.0,1.0,1.0,2.0,3.0,5.0,0.0,0.0,1.0,1.0,0.0,3.0,0.0,
410.0,Sonny Weems,22.0,DEN,SG,12.0,0.0,55.0,8.0,25.0,0.32,0.0,3.0,0.0,8.0,22.0,0.364,0.32,3.0,8.0,0.375,0.0,4.0,4.0,3.0,1.0,0.0,6.0,8.0,19.0,0.0,
411.0,Randolph Morris,23.0,ATL,C,23.0,0.0,89.0,7.0,17.0,0.412,0.0,0.0,,7.0,17.0,0.412,0.412,4.0,4.0,1.0,4.0,16.0,20.0,2.0,2.0,1.0,7.0,25.0,18.0,0.0,
412.0,Shavlik Randolph,25.0,POR,PF,10.0,0.0,37.0,8.0,13.0,0.615,1.0,1.0,1.0,7.0,12.0,0.583,0.654,1.0,4.0,0.25,10.0,8.0,18.0,0.0,0.0,1.0,6.0,4.0,18.0,0.0,
413.0,Dorell Wright,23.0,MIA,SF,6.0,0.0,73.0,8.0,20.0,0.4,0.0,0.0,,8.0,20.0,0.4,0.4,2.0,6.0,0.333,2.0,18.0,20.0,2.0,2.0,0.0,6.0,8.0,18.0,0.0,
414.0,Adonal Foyle,33.0,2TM,C,10.0,0.0,62.0,7.0,11.0,0.636,0.0,0.0,,7.0,11.0,0.636,0.636,3.0,6.0,0.5,9.0,17.0,26.0,1.0,0.0,8.0,3.0,5.0,17.0,0.0,
414.0,Adonal Foyle,33.0,ORL,C,9.0,0.0,59.0,7.0,11.0,0.636,0.0,0.0,,7.0,11.0,0.636,0.636,3.0,6.0,0.5,9.0,17.0,26.0,1.0,0.0,8.0,3.0,4.0,17.0,0.0,
414.0,Adonal Foyle,33.0,MEM,C,1.0,0.0,3.0,0.0,0.0,,0.0,0.0,,0.0,0.0,,,0.0,0.0,,0.0,0.0,0.0,0.0,0.0,0.0,0.0,1.0,0.0,0.0,
415.0,Calvin Booth,32.0,2TM,C,8.0,0.0,56.0,5.0,10.0,0.5,0.0,0.0,,5.0,10.0,0.5,0.5,6.0,8.0,0.75,5.0,6.0,11.0,0.0,1.0,2.0,1.0,10.0,16.0,0.0,
415.0,Calvin Booth,32.0,MIN,C,1.0,0.0,1.0,0.0,0.0,,0.0,0.0,,0.0,0.0,,,0.0,0.0,,1.0,0.0,1.0,0.0,0.0,0.0,0.0,0.0,0.0,0.0,
415.0,Calvin Booth,32.0,SAC,C,7.0,0.0,55.0,5.0,10.0,0.5,0.0,0.0,,5.0,10.0,0.5,0.5,6.0,8.0,0.75,4.0,6.0,10.0,0.0,1.0,2.0,1.0,10.0,16.0,0.0,
416.0,Dikembe Mutombo,42.0,HOU,C,9.0,2.0,96.0,5.0,13.0,0.385,0.0,0.0,,5.0,13.0,0.385,0.385,6.0,9.0,0.667,12.0,21.0,33.0,0.0,0.0,11.0,6.0,11.0,16.0,0.0,
417.0,Cheikh Samb,24.0,3TM,C,18.0,0.0,83.0,6.0,32.0,0.188,0.0,3.0,0.0,6.0,29.0,0.207,0.188,3.0,7.0,0.429,10.0,14.0,24.0,1.0,3.0,10.0,3.0,7.0,15.0,0.0,
417.0,Cheikh Samb,24.0,DEN,C,6.0,0.0,24.0,2.0,13.0,0.154,0.0,1.0,0.0,2.0,12.0,0.167,0.154,0.0,0.0,,2.0,7.0,9.0,1.0,2.0,5.0,2.0,4.0,4.0,0.0,
417.0,Cheikh Samb,24.0,LAC,C,10.0,0.0,51.0,4.0,16.0,0.25,0.0,2.0,0.0,4.0,14.0,0.286,0.25,3.0,5.0,0.6,7.0,6.0,13.0,0.0,1.0,5.0,1.0,3.0,11.0,0.0,
417.0,Cheikh Samb,24.0,NYK,C,2.0,0.0,8.0,0.0,3.0,0.0,0.0,0.0,,0.0,3.0,0.0,0.0,0.0,2.0,0.0,1.0,1.0,2.0,0.0,0.0,0.0,0.0,0.0,0.0,0.0,
418.0,Eddie Gill,30.0,MIL,PG,6.0,0.0,43.0,6.0,9.0,0.667,2.0,3.0,0.667,4.0,6.0,0.667,0.778,0.0,0.0,,0.0,4.0,4.0,11.0,3.0,1.0,5.0,10.0,14.0,0.0,
419.0,Desmon Farmer,27.0,SAS,SG,3.0,0.0,54.0,4.0,14.0,0.286,3.0,12.0,0.25,1.0,2.0,0.5,0.393,2.0,2.0,1.0,0.0,6.0,6.0,2.0,0.0,0.0,4.0,6.0,13.0,0.0,
420.0,Dwayne Jones,25.0,CHA,PF,6.0,0.0,52.0,4.0,7.0,0.571,0.0,0.0,,4.0,7.0,0.571,0.571,4.0,6.0,0.667,6.0,6.0,12.0,0.0,0.0,1.0,4.0,6.0,12.0,0.0,
421.0,Jawad Williams,25.0,CLE,SF,10.0,0.0,20.0,5.0,12.0,0.417,2.0,6.0,0.333,3.0,6.0,0.5,0.5,0.0,0.0,,1.0,1.0,2.0,0.0,1.0,0.0,1.0,2.0,12.0,0.0,
422.0,Marcus Williams,23.0,GSW,PG,9.0,0.0,54.0,4.0,17.0,0.235,2.0,6.0,0.333,2.0,11.0,0.182,0.294,2.0,6.0,0.333,0.0,4.0,4.0,13.0,1.0,1.0,4.0,6.0,12.0,0.0,
423.0,Hassan Adams,24.0,TOR,SG,12.0,0.0,52.0,4.0,13.0,0.308,0.0,0.0,,4.0,13.0,0.308,0.308,3.0,6.0,0.5,1.0,6.0,7.0,1.0,1.0,1.0,4.0,4.0,11.0,0.0,
424.0,Joe Crawford,22.0,NYK,SF,2.0,0.0,23.0,3.0,10.0,0.3,1.0,4.0,0.25,2.0,6.0,0.333,0.35,2.0,2.0,1.0,1.0,3.0,4.0,1.0,1.0,0.0,0.0,2.0,9.0,0.0,
425.0,Linton Johnson,28.0,2TM,PF,10.0,0.0,55.0,4.0,11.0,0.364,1.0,2.0,0.5,3.0,9.0,0.333,0.409,0.0,0.0,,3.0,5.0,8.0,2.0,1.0,0.0,2.0,7.0,9.0,0.0,
425.0,Linton Johnson,28.0,CHA,PF,2.0,0.0,13.0,0.0,0.0,,0.0,0.0,,0.0,0.0,,,0.0,0.0,,0.0,0.0,0.0,0.0,0.0,0.0,0.0,1.0,0.0,0.0,
425.0,Linton Johnson,28.0,CHI,PF,8.0,0.0,42.0,4.0,11.0,0.364,1.0,2.0,0.5,3.0,9.0,0.333,0.409,0.0,0.0,,3.0,5.0,8.0,2.0,1.0,0.0,2.0,6.0,9.0,0.0,
426.0,Blake Ahearn,24.0,SAS,PG,3.0,0.0,19.0,2.0,6.0,0.333,2.0,4.0,0.5,0.0,2.0,0.0,0.5,2.0,2.0,1.0,0.0,1.0,1.0,2.0,1.0,0.0,1.0,3.0,8.0,0.0,
427.0,Walter Sharpe,22.0,DET,PF,8.0,0.0,20.0,4.0,11.0,0.364,0.0,2.0,0.0,4.0,9.0,0.444,0.364,0.0,2.0,0.0,0.0,3.0,3.0,0.0,0.0,2.0,0.0,3.0,8.0,0.0,
428.0,James White,26.0,HOU,SF,4.0,0.0,11.0,3.0,5.0,0.6,1.0,2.0,0.5,2.0,3.0,0.667,0.7,0.0,0.0,,0.0,0.0,0.0,1.0,1.0,1.0,3.0,2.0,7.0,0.0,
429.0,Demetris Nichols,24.0,2TM,SF,4.0,0.0,14.0,3.0,9.0,0.333,0.0,2.0,0.0,3.0,7.0,0.429,0.333,1.0,2.0,0.5,0.0,2.0,2.0,1.0,0.0,1.0,0.0,1.0,7.0,0.0,
429.0,Demetris Nichols,24.0,CHI,SF,2.0,0.0,5.0,1.0,4.0,0.25,0.0,1.0,0.0,1.0,3.0,0.333,0.25,0.0,0.0,,0.0,0.0,0.0,1.0,0.0,0.0,0.0,1.0,2.0,0.0,
429.0,Demetris Nichols,24.0,NYK,SF,2.0,0.0,9.0,2.0,5.0,0.4,0.0,1.0,0.0,2.0,4.0,0.5,0.4,1.0,2.0,0.5,0.0,2.0,2.0,0.0,0.0,1.0,0.0,0.0,5.0,0.0,
430.0,Jerome James,33.0,NYK,C,2.0,0.0,10.0,3.0,8.0,0.375,0.0,0.0,,3.0,8.0,0.375,0.375,0.0,0.0,,1.0,2.0,3.0,0.0,1.0,1.0,1.0,2.0,6.0,0.0,
431.0,Mark Madsen,33.0,MIN,C,19.0,1.0,116.0,3.0,14.0,0.214,0.0,0.0,,3.0,14.0,0.214,0.214,0.0,4.0,0.0,10.0,8.0,18.0,4.0,1.0,1.0,3.0,18.0,6.0,0.0,
432.0,Michael Ruffin,32.0,POR,PF,11.0,0.0,35.0,2.0,7.0,0.286,0.0,0.0,,2.0,7.0,0.286,0.286,2.0,2.0,1.0,6.0,5.0,11.0,0.0,3.0,1.0,2.0,7.0,6.0,0.0,
433.0,Courtney Sims,25.0,2TM,C,2.0,0.0,13.0,3.0,6.0,0.5,0.0,0.0,,3.0,6.0,0.5,0.5,0.0,0.0,,2.0,2.0,4.0,0.0,0.0,0.0,1.0,1.0,6.0,0.0,
433.0,Courtney Sims,25.0,PHO,C,1.0,0.0,2.0,0.0,0.0,,0.0,0.0,,0.0,0.0,,,0.0,0.0,,0.0,0.0,0.0,0.0,0.0,0.0,1.0,0.0,0.0,0.0,
433.0,Courtney Sims,25.0,NYK,C,1.0,0.0,11.0,3.0,6.0,0.5,0.0,0.0,,3.0,6.0,0.5,0.5,0.0,0.0,,2.0,2.0,4.0,0.0,0.0,0.0,0.0,1.0,6.0,0.0,
434.0,Kenny Thomas,31.0,SAC,PF,8.0,0.0,62.0,3.0,8.0,0.375,0.0,0.0,,3.0,8.0,0.375,0.375,0.0,0.0,,4.0,11.0,15.0,1.0,6.0,1.0,1.0,9.0,6.0,0.0,
435.0,Sun Yue,23.0,LAL,SG,10.0,0.0,28.0,3.0,11.0,0.273,0.0,6.0,0.0,3.0,5.0,0.6,0.273,0.0,0.0,,0.0,0.0,0.0,2.0,1.0,1.0,3.0,10.0,6.0,0.0,
436.0,Speedy Claxton,30.0,ATL,PG,2.0,0.0,15.0,2.0,7.0,0.286,0.0,0.0,,2.0,7.0,0.286,0.286,1.0,2.0,0.5,0.0,0.0,0.0,3.0,0.0,0.0,0.0,1.0,5.0,0.0,
437.0,Eddy Curry,26.0,NYK,C,3.0,0.0,12.0,2.0,2.0,1.0,0.0,0.0,,2.0,2.0,1.0,1.0,1.0,3.0,0.333,0.0,4.0,4.0,0.0,0.0,0.0,2.0,5.0,5.0,0.0,
438.0,Andre Brown,27.0,CHA,PF,4.0,0.0,41.0,1.0,7.0,0.143,0.0,0.0,,1.0,7.0,0.143,0.143,2.0,2.0,1.0,7.0,5.0,12.0,1.0,1.0,0.0,5.0,9.0,4.0,0.0,
439.0,J.R. Giddens,23.0,BOS,SF,6.0,0.0,8.0,2.0,3.0,0.667,0.0,0.0,,2.0,3.0,0.667,0.667,0.0,0.0,,2.0,1.0,3.0,0.0,1.0,0.0,1.0,1.0,4.0,0.0,
440.0,Trey Johnson,24.0,CLE,SG,4.0,0.0,14.0,0.0,5.0,0.0,0.0,0.0,,0.0,5.0,0.0,0.0,4.0,4.0,1.0,0.0,1.0,1.0,0.0,0.0,0.0,1.0,4.0,4.0,0.0,
441.0,Marcus Williams,22.0,SAS,PF,2.0,0.0,3.0,2.0,2.0,1.0,0.0,0.0,,2.0,2.0,1.0,1.0,0.0,0.0,,0.0,0.0,0.0,0.0,0.0,0.0,0.0,1.0,4.0,0.0,
442.0,Joey Dorsey,25.0,HOU,PF,3.0,0.0,6.0,1.0,2.0,0.5,0.0,0.0,,1.0,2.0,0.5,0.5,0.0,0.0,,0.0,1.0,1.0,1.0,0.0,0.0,0.0,0.0,2.0,0.0,
443.0,Steven Hill,23.0,OKC,PF,1.0,0.0,2.0,1.0,1.0,1.0,0.0,0.0,,1.0,1.0,1.0,1.0,0.0,0.0,,2.0,1.0,3.0,0.0,0.0,0.0,0.0,0.0,2.0,0.0,
444.0,Nathan Jawai,22.0,TOR,PF,6.0,0.0,19.0,1.0,4.0,0.25,0.0,0.0,,1.0,4.0,0.25,0.25,0.0,0.0,,1.0,1.0,2.0,0.0,0.0,0.0,2.0,3.0,2.0,0.0,
445.0,Martell Webster,22.0,POR,SF,1.0,0.0,5.0,0.0,1.0,0.0,0.0,1.0,0.0,0.0,0.0,,0.0,0.0,0.0,,0.0,0.0,0.0,0.0,0.0,0.0,0.0,0.0,0.0,0.0,
,League Average,,,,,,,,,0.459,,,0.367,,,0.485,0.5,,,0.771,,,,,,,,,,,
